[2026-08-22 09:34:03] local.ERROR: No application encryption key has been specified. {"exception":"[object] (Illuminate\\Encryption\\MissingAppKeyException(code: 0): No application encryption key has been specified. at D:/projects/emmiox-academy/emmiox-academy/vendor/laravel/framework/src/Illuminate/Encryption/EncryptionServiceProvider.php:83)
[stacktrace]
#0 D:/projects/emmiox-academy/emmiox-academy/vendor/laravel/framework/src/Illuminate/Support/helpers.php(399): Illuminate/Encryption/EncryptionServiceProvider->Illuminate/Encryption/{closure}('')
#1 D:/projects/emmiox-academy/emmiox-academy/vendor/laravel/framework/src/Illuminate/Encryption/EncryptionServiceProvider.php(81): tap('', Object(Closure))
#2 D:/projects/emmiox-academy/emmiox-academy/vendor/laravel/framework/src/Illuminate/Encryption/EncryptionServiceProvider.php(64): Illuminate/Encryption/EncryptionServiceProvider->key(Array)
#3 D:/projects/emmiox-academy/emmiox-academy/vendor/laravel/framework/src/Illuminate/Encryption/EncryptionServiceProvider.php(32): Illuminate/Encryption/EncryptionServiceProvider->parseKey(Array)
#4 D:/projects/emmiox-academy/emmiox-academy/vendor/laravel/framework/src/Illuminate/Container/Container.php(952): Illuminate/Encryption/EncryptionServiceProvider->Illuminate/Encryption/{closure}(Object(Illuminate/Foundation/Application), Array)
#5 D:/projects/emmiox-academy/emmiox-academy/vendor/laravel/framework/src/Illuminate/Container/Container.php(832): Illuminate/Container/Container->build(Object(Closure))
#6 D:/projects/emmiox-academy/emmiox-academy/vendor/laravel/framework/src/Illuminate/Foundation/Application.php(1078): Illuminate/Container/Container->resolve('encrypter', Array, true)
#7 D:/projects/emmiox-academy/emmiox-academy/vendor/laravel/framework/src/Illuminate/Container/Container.php(763): Illuminate/Foundation/Application->resolve('encrypter', Array)
#8 D:/projects/emmiox-academy/emmiox-academy/vendor/laravel/framework/src/Illuminate/Foundation/Application.php(1058): Illuminate/Container/Container->make('encrypter', Array)
#9 D:/projects/emmiox-academy/emmiox-academy/vendor/laravel/framework/src/Illuminate/Container/Container.php(1133): Illuminate/Foundation/Application->make('encrypter')
#10 D:/projects/emmiox-academy/emmiox-academy/vendor/laravel/framework/src/Illuminate/Container/Container.php(1043): Illuminate/Container/Container->resolveClass(Object(ReflectionParameter))
#11 D:/projects/emmiox-academy/emmiox-academy/vendor/laravel/framework/src/Illuminate/Container/Container.php(994): Illuminate/Container/Container->resolveDependencies(Array)
#12 D:/projects/emmiox-academy/emmiox-academy/vendor/laravel/framework/src/Illuminate/Container/Container.php(832): Illuminate/Container/Container->build('Illuminate//Cook...')
#13 D:/projects/emmiox-academy/emmiox-academy/vendor/laravel/framework/src/Illuminate/Foundation/Application.php(1078): Illuminate/Container/Container->resolve('Illuminate//Cook...', Array, true)
#14 D:/projects/emmiox-academy/emmiox-academy/vendor/laravel/framework/src/Illuminate/Container/Container.php(763): Illuminate/Foundation/Application->resolve('Illuminate//Cook...', Array)
#15 D:/projects/emmiox-academy/emmiox-academy/vendor/laravel/framework/src/Illuminate/Foundation/Application.php(1058): Illuminate/Container/Container->make('Illuminate//Cook...', Array)
#16 D:/projects/emmiox-academy/emmiox-academy/vendor/laravel/framework/src/Illuminate/Pipeline/Pipeline.php(198): Illuminate/Foundation/Application->make('Illuminate//Cook...')
#17 D:/projects/emmiox-academy/emmiox-academy/vendor/laravel/framework/src/Illuminate/Pipeline/Pipeline.php(127): Illuminate/Pipeline/Pipeline->Illuminate/Pipeline/{closure}(Object(Illuminate/Http/Request))
#18 D:/projects/emmiox-academy/emmiox-academy/vendor/laravel/framework/src/Illuminate/Routing/Router.php(807): Illuminate/Pipeline/Pipeline->then(Object(Closure))
#19 D:/projects/emmiox-academy/emmiox-academy/vendor/laravel/framework/src/Illuminate/Routing/Router.php(786): Illuminate/Routing/Router->runRouteWithinStack(Object(Illuminate/Routing/Route), Object(Illuminate/Http/Request))
#20 D:/projects/emmiox-academy/emmiox-academy/vendor/laravel/framework/src/Illuminate/Routing/Router.php(750): Illuminate/Routing/Router->runRoute(Object(Illuminate/Http/Request), Object(Illuminate/Routing/Route))
#21 D:/projects/emmiox-academy/emmiox-academy/vendor/laravel/framework/src/Illuminate/Routing/Router.php(739): Illuminate/Routing/Router->dispatchToRoute(Object(Illuminate/Http/Request))
#22 D:/projects/emmiox-academy/emmiox-academy/vendor/laravel/framework/src/Illuminate/Foundation/Http/Kernel.php(201): Illuminate/Routing/Router->dispatch(Object(Illuminate/Http/Request))
#23 D:/projects/emmiox-academy/emmiox-academy/vendor/laravel/framework/src/Illuminate/Pipeline/Pipeline.php(170): Illuminate/Foundation/Http/Kernel->Illuminate/Foundation/Http/{closure}(Object(Illuminate/Http/Request))
#24 D:/projects/emmiox-academy/emmiox-academy/vendor/laravel/framework/src/Illuminate/Foundation/Http/Middleware/TransformsRequest.php(21): Illuminate/Pipeline/Pipeline->Illuminate/Pipeline/{closure}(Object(Illuminate/Http/Request))
#25 D:/projects/emmiox-academy/emmiox-academy/vendor/laravel/framework/src/Illuminate/Foundation/Http/Middleware/ConvertEmptyStringsToNull.php(31): Illuminate/Foundation/Http/Middleware/TransformsRequest->handle(Object(Illuminate/Http/Request), Object(Closure))
#26 D:/projects/emmiox-academy/emmiox-academy/vendor/laravel/framework/src/Illuminate/Pipeline/Pipeline.php(209): Illuminate/Foundation/Http/Middleware/ConvertEmptyStringsToNull->handle(Object(Illuminate/Http/Request), Object(Closure))
#27 D:/projects/emmiox-academy/emmiox-academy/vendor/laravel/framework/src/Illuminate/Foundation/Http/Middleware/TransformsRequest.php(21): Illuminate/Pipeline/Pipeline->Illuminate/Pipeline/{closure}(Object(Illuminate/Http/Request))
#28 D:/projects/emmiox-academy/emmiox-academy/vendor/laravel/framework/src/Illuminate/Foundation/Http/Middleware/TrimStrings.php(51): Illuminate/Foundation/Http/Middleware/TransformsRequest->handle(Object(Illuminate/Http/Request), Object(Closure))
#29 D:/projects/emmiox-academy/emmiox-academy/vendor/laravel/framework/src/Illuminate/Pipeline/Pipeline.php(209): Illuminate/Foundation/Http/Middleware/TrimStrings->handle(Object(Illuminate/Http/Request), Object(Closure))
#30 D:/projects/emmiox-academy/emmiox-academy/vendor/laravel/framework/src/Illuminate/Http/Middleware/ValidatePostSize.php(27): Illuminate/Pipeline/Pipeline->Illuminate/Pipeline/{closure}(Object(Illuminate/Http/Request))
#31 D:/projects/emmiox-academy/emmiox-academy/vendor/laravel/framework/src/Illuminate/Pipeline/Pipeline.php(209): Illuminate/Http/Middleware/ValidatePostSize->handle(Object(Illuminate/Http/Request), Object(Closure))
#32 D:/projects/emmiox-academy/emmiox-academy/vendor/laravel/framework/src/Illuminate/Foundation/Http/Middleware/PreventRequestsDuringMaintenance.php(110): Illuminate/Pipeline/Pipeline->Illuminate/Pipeline/{closure}(Object(Illuminate/Http/Request))
#33 D:/projects/emmiox-academy/emmiox-academy/vendor/laravel/framework/src/Illuminate/Pipeline/Pipeline.php(209): Illuminate/Foundation/Http/Middleware/PreventRequestsDuringMaintenance->handle(Object(Illuminate/Http/Request), Object(Closure))
#34 D:/projects/emmiox-academy/emmiox-academy/vendor/laravel/framework/src/Illuminate/Http/Middleware/HandleCors.php(49): Illuminate/Pipeline/Pipeline->Illuminate/Pipeline/{closure}(Object(Illuminate/Http/Request))
#35 D:/projects/emmiox-academy/emmiox-academy/vendor/laravel/framework/src/Illuminate/Pipeline/Pipeline.php(209): Illuminate/Http/Middleware/HandleCors->handle(Object(Illuminate/Http/Request), Object(Closure))
#36 D:/projects/emmiox-academy/emmiox-academy/vendor/laravel/framework/src/Illuminate/Http/Middleware/TrustProxies.php(58): Illuminate/Pipeline/Pipeline->Illuminate/Pipeline/{closure}(Object(Illuminate/Http/Request))
#37 D:/projects/emmiox-academy/emmiox-academy/vendor/laravel/framework/src/Illuminate/Pipeline/Pipeline.php(209): Illuminate/Http/Middleware/TrustProxies->handle(Object(Illuminate/Http/Request), Object(Closure))
#38 D:/projects/emmiox-academy/emmiox-academy/vendor/laravel/framework/src/Illuminate/Foundation/Http/Middleware/InvokeDeferredCallbacks.php(22): Illuminate/Pipeline/Pipeline->Illuminate/Pipeline/{closure}(Object(Illuminate/Http/Request))
#39 D:/projects/emmiox-academy/emmiox-academy/vendor/laravel/framework/src/Illuminate/Pipeline/Pipeline.php(209): Illuminate/Foundation/Http/Middleware/InvokeDeferredCallbacks->handle(Object(Illuminate/Http/Request), Object(Closure))
#40 D:/projects/emmiox-academy/emmiox-academy/vendor/laravel/framework/src/Illuminate/Pipeline/Pipeline.php(127): Illuminate/Pipeline/Pipeline->Illuminate/Pipeline/{closure}(Object(Illuminate/Http/Request))
#41 D:/projects/emmiox-academy/emmiox-academy/vendor/laravel/framework/src/Illuminate/Foundation/Http/Kernel.php(176): Illuminate/Pipeline/Pipeline->then(Object(Closure))
#42 D:/projects/emmiox-academy/emmiox-academy/vendor/laravel/framework/src/Illuminate/Foundation/Http/Kernel.php(145): Illuminate/Foundation/Http/Kernel->sendRequestThroughRouter(Object(Illuminate/Http/Request))
#43 D:/projects/emmiox-academy/emmiox-academy/vendor/laravel/framework/src/Illuminate/Foundation/Application.php(1220): Illuminate/Foundation/Http/Kernel->handle(Object(Illuminate/Http/Request))
#44 D:/projects/emmiox-academy/emmiox-academy/public/index.php(17): Illuminate/Foundation/Application->handleRequest(Object(Illuminate/Http/Request))
#45 D:/projects/emmiox-academy/emmiox-academy/vendor/laravel/framework/src/Illuminate/Foundation/resources/server.php(23): require_once('D://projects//emm...')
#46 {main}
"} 
[2026-08-22 09:34:07] local.ERROR: No application encryption key has been specified. {"exception":"[object] (Illuminate\\Encryption\\MissingAppKeyException(code: 0): No application encryption key has been specified. at D:/projects/emmiox-academy/emmiox-academy/vendor/laravel/framework/src/Illuminate/Encryption/EncryptionServiceProvider.php:83)
[stacktrace]
#0 D:/projects/emmiox-academy/emmiox-academy/vendor/laravel/framework/src/Illuminate/Support/helpers.php(399): Illuminate/Encryption/EncryptionServiceProvider->Illuminate/Encryption/{closure}('')
#1 D:/projects/emmiox-academy/emmiox-academy/vendor/laravel/framework/src/Illuminate/Encryption/EncryptionServiceProvider.php(81): tap('', Object(Closure))
#2 D:/projects/emmiox-academy/emmiox-academy/vendor/laravel/framework/src/Illuminate/Encryption/EncryptionServiceProvider.php(64): Illuminate/Encryption/EncryptionServiceProvider->key(Array)
#3 D:/projects/emmiox-academy/emmiox-academy/vendor/laravel/framework/src/Illuminate/Encryption/EncryptionServiceProvider.php(32): Illuminate/Encryption/EncryptionServiceProvider->parseKey(Array)
#4 D:/projects/emmiox-academy/emmiox-academy/vendor/laravel/framework/src/Illuminate/Container/Container.php(952): Illuminate/Encryption/EncryptionServiceProvider->Illuminate/Encryption/{closure}(Object(Illuminate/Foundation/Application), Array)
#5 D:/projects/emmiox-academy/emmiox-academy/vendor/laravel/framework/src/Illuminate/Container/Container.php(832): Illuminate/Container/Container->build(Object(Closure))
#6 D:/projects/emmiox-academy/emmiox-academy/vendor/laravel/framework/src/Illuminate/Foundation/Application.php(1078): Illuminate/Container/Container->resolve('encrypter', Array, true)
#7 D:/projects/emmiox-academy/emmiox-academy/vendor/laravel/framework/src/Illuminate/Container/Container.php(763): Illuminate/Foundation/Application->resolve('encrypter', Array)
#8 D:/projects/emmiox-academy/emmiox-academy/vendor/laravel/framework/src/Illuminate/Foundation/Application.php(1058): Illuminate/Container/Container->make('encrypter', Array)
#9 D:/projects/emmiox-academy/emmiox-academy/vendor/laravel/framework/src/Illuminate/Container/Container.php(1133): Illuminate/Foundation/Application->make('encrypter')
#10 D:/projects/emmiox-academy/emmiox-academy/vendor/laravel/framework/src/Illuminate/Container/Container.php(1043): Illuminate/Container/Container->resolveClass(Object(ReflectionParameter))
#11 D:/projects/emmiox-academy/emmiox-academy/vendor/laravel/framework/src/Illuminate/Container/Container.php(994): Illuminate/Container/Container->resolveDependencies(Array)
#12 D:/projects/emmiox-academy/emmiox-academy/vendor/laravel/framework/src/Illuminate/Container/Container.php(832): Illuminate/Container/Container->build('Illuminate//Cook...')
#13 D:/projects/emmiox-academy/emmiox-academy/vendor/laravel/framework/src/Illuminate/Foundation/Application.php(1078): Illuminate/Container/Container->resolve('Illuminate//Cook...', Array, true)
#14 D:/projects/emmiox-academy/emmiox-academy/vendor/laravel/framework/src/Illuminate/Container/Container.php(763): Illuminate/Foundation/Application->resolve('Illuminate//Cook...', Array)
#15 D:/projects/emmiox-academy/emmiox-academy/vendor/laravel/framework/src/Illuminate/Foundation/Application.php(1058): Illuminate/Container/Container->make('Illuminate//Cook...', Array)
#16 D:/projects/emmiox-academy/emmiox-academy/vendor/laravel/framework/src/Illuminate/Foundation/Http/Kernel.php(258): Illuminate/Foundation/Application->make('Illuminate//Cook...')
#17 D:/projects/emmiox-academy/emmiox-academy/vendor/laravel/framework/src/Illuminate/Foundation/Http/Kernel.php(216): Illuminate/Foundation/Http/Kernel->terminateMiddleware(Object(Illuminate/Http/Request), Object(Illuminate/Http/Response))
#18 D:/projects/emmiox-academy/emmiox-academy/vendor/laravel/framework/src/Illuminate/Foundation/Application.php(1222): Illuminate/Foundation/Http/Kernel->terminate(Object(Illuminate/Http/Request), Object(Illuminate/Http/Response))
#19 D:/projects/emmiox-academy/emmiox-academy/public/index.php(17): Illuminate/Foundation/Application->handleRequest(Object(Illuminate/Http/Request))
#20 D:/projects/emmiox-academy/emmiox-academy/vendor/laravel/framework/src/Illuminate/Foundation/resources/server.php(23): require_once('D://projects//emm...')
#21 {main}
"} 
[2026-08-22 09:34:08] local.ERROR: No application encryption key has been specified. {"exception":"[object] (Illuminate\\Encryption\\MissingAppKeyException(code: 0): No application encryption key has been specified. at D:/projects/emmiox-academy/emmiox-academy/vendor/laravel/framework/src/Illuminate/Encryption/EncryptionServiceProvider.php:83)
[stacktrace]
#0 D:/projects/emmiox-academy/emmiox-academy/vendor/laravel/framework/src/Illuminate/Support/helpers.php(399): Illuminate/Encryption/EncryptionServiceProvider->Illuminate/Encryption/{closure}('')
#1 D:/projects/emmiox-academy/emmiox-academy/vendor/laravel/framework/src/Illuminate/Encryption/EncryptionServiceProvider.php(81): tap('', Object(Closure))
#2 D:/projects/emmiox-academy/emmiox-academy/vendor/laravel/framework/src/Illuminate/Encryption/EncryptionServiceProvider.php(64): Illuminate/Encryption/EncryptionServiceProvider->key(Array)
#3 D:/projects/emmiox-academy/emmiox-academy/vendor/laravel/framework/src/Illuminate/Encryption/EncryptionServiceProvider.php(32): Illuminate/Encryption/EncryptionServiceProvider->parseKey(Array)
#4 D:/projects/emmiox-academy/emmiox-academy/vendor/laravel/framework/src/Illuminate/Container/Container.php(952): Illuminate/Encryption/EncryptionServiceProvider->Illuminate/Encryption/{closure}(Object(Illuminate/Foundation/Application), Array)
#5 D:/projects/emmiox-academy/emmiox-academy/vendor/laravel/framework/src/Illuminate/Container/Container.php(832): Illuminate/Container/Container->build(Object(Closure))
#6 D:/projects/emmiox-academy/emmiox-academy/vendor/laravel/framework/src/Illuminate/Foundation/Application.php(1078): Illuminate/Container/Container->resolve('encrypter', Array, true)
#7 D:/projects/emmiox-academy/emmiox-academy/vendor/laravel/framework/src/Illuminate/Container/Container.php(763): Illuminate/Foundation/Application->resolve('encrypter', Array)
#8 D:/projects/emmiox-academy/emmiox-academy/vendor/laravel/framework/src/Illuminate/Foundation/Application.php(1058): Illuminate/Container/Container->make('encrypter', Array)
#9 D:/projects/emmiox-academy/emmiox-academy/vendor/laravel/framework/src/Illuminate/Container/Container.php(1133): Illuminate/Foundation/Application->make('encrypter')
#10 D:/projects/emmiox-academy/emmiox-academy/vendor/laravel/framework/src/Illuminate/Container/Container.php(1043): Illuminate/Container/Container->resolveClass(Object(ReflectionParameter))
#11 D:/projects/emmiox-academy/emmiox-academy/vendor/laravel/framework/src/Illuminate/Container/Container.php(994): Illuminate/Container/Container->resolveDependencies(Array)
#12 D:/projects/emmiox-academy/emmiox-academy/vendor/laravel/framework/src/Illuminate/Container/Container.php(832): Illuminate/Container/Container->build('Illuminate//Cook...')
#13 D:/projects/emmiox-academy/emmiox-academy/vendor/laravel/framework/src/Illuminate/Foundation/Application.php(1078): Illuminate/Container/Container->resolve('Illuminate//Cook...', Array, true)
#14 D:/projects/emmiox-academy/emmiox-academy/vendor/laravel/framework/src/Illuminate/Container/Container.php(763): Illuminate/Foundation/Application->resolve('Illuminate//Cook...', Array)
#15 D:/projects/emmiox-academy/emmiox-academy/vendor/laravel/framework/src/Illuminate/Foundation/Application.php(1058): Illuminate/Container/Container->make('Illuminate//Cook...', Array)
#16 D:/projects/emmiox-academy/emmiox-academy/vendor/laravel/framework/src/Illuminate/Pipeline/Pipeline.php(198): Illuminate/Foundation/Application->make('Illuminate//Cook...')
#17 D:/projects/emmiox-academy/emmiox-academy/vendor/laravel/framework/src/Illuminate/Pipeline/Pipeline.php(127): Illuminate/Pipeline/Pipeline->Illuminate/Pipeline/{closure}(Object(Illuminate/Http/Request))
#18 D:/projects/emmiox-academy/emmiox-academy/vendor/laravel/framework/src/Illuminate/Routing/Router.php(807): Illuminate/Pipeline/Pipeline->then(Object(Closure))
#19 D:/projects/emmiox-academy/emmiox-academy/vendor/laravel/framework/src/Illuminate/Routing/Router.php(786): Illuminate/Routing/Router->runRouteWithinStack(Object(Illuminate/Routing/Route), Object(Illuminate/Http/Request))
#20 D:/projects/emmiox-academy/emmiox-academy/vendor/laravel/framework/src/Illuminate/Routing/Router.php(750): Illuminate/Routing/Router->runRoute(Object(Illuminate/Http/Request), Object(Illuminate/Routing/Route))
#21 D:/projects/emmiox-academy/emmiox-academy/vendor/laravel/framework/src/Illuminate/Routing/Router.php(739): Illuminate/Routing/Router->dispatchToRoute(Object(Illuminate/Http/Request))
#22 D:/projects/emmiox-academy/emmiox-academy/vendor/laravel/framework/src/Illuminate/Foundation/Http/Kernel.php(201): Illuminate/Routing/Router->dispatch(Object(Illuminate/Http/Request))
#23 D:/projects/emmiox-academy/emmiox-academy/vendor/laravel/framework/src/Illuminate/Pipeline/Pipeline.php(170): Illuminate/Foundation/Http/Kernel->Illuminate/Foundation/Http/{closure}(Object(Illuminate/Http/Request))
#24 D:/projects/emmiox-academy/emmiox-academy/vendor/laravel/framework/src/Illuminate/Foundation/Http/Middleware/TransformsRequest.php(21): Illuminate/Pipeline/Pipeline->Illuminate/Pipeline/{closure}(Object(Illuminate/Http/Request))
#25 D:/projects/emmiox-academy/emmiox-academy/vendor/laravel/framework/src/Illuminate/Foundation/Http/Middleware/ConvertEmptyStringsToNull.php(31): Illuminate/Foundation/Http/Middleware/TransformsRequest->handle(Object(Illuminate/Http/Request), Object(Closure))
#26 D:/projects/emmiox-academy/emmiox-academy/vendor/laravel/framework/src/Illuminate/Pipeline/Pipeline.php(209): Illuminate/Foundation/Http/Middleware/ConvertEmptyStringsToNull->handle(Object(Illuminate/Http/Request), Object(Closure))
#27 D:/projects/emmiox-academy/emmiox-academy/vendor/laravel/framework/src/Illuminate/Foundation/Http/Middleware/TransformsRequest.php(21): Illuminate/Pipeline/Pipeline->Illuminate/Pipeline/{closure}(Object(Illuminate/Http/Request))
#28 D:/projects/emmiox-academy/emmiox-academy/vendor/laravel/framework/src/Illuminate/Foundation/Http/Middleware/TrimStrings.php(51): Illuminate/Foundation/Http/Middleware/TransformsRequest->handle(Object(Illuminate/Http/Request), Object(Closure))
#29 D:/projects/emmiox-academy/emmiox-academy/vendor/laravel/framework/src/Illuminate/Pipeline/Pipeline.php(209): Illuminate/Foundation/Http/Middleware/TrimStrings->handle(Object(Illuminate/Http/Request), Object(Closure))
#30 D:/projects/emmiox-academy/emmiox-academy/vendor/laravel/framework/src/Illuminate/Http/Middleware/ValidatePostSize.php(27): Illuminate/Pipeline/Pipeline->Illuminate/Pipeline/{closure}(Object(Illuminate/Http/Request))
#31 D:/projects/emmiox-academy/emmiox-academy/vendor/laravel/framework/src/Illuminate/Pipeline/Pipeline.php(209): Illuminate/Http/Middleware/ValidatePostSize->handle(Object(Illuminate/Http/Request), Object(Closure))
#32 D:/projects/emmiox-academy/emmiox-academy/vendor/laravel/framework/src/Illuminate/Foundation/Http/Middleware/PreventRequestsDuringMaintenance.php(110): Illuminate/Pipeline/Pipeline->Illuminate/Pipeline/{closure}(Object(Illuminate/Http/Request))
#33 D:/projects/emmiox-academy/emmiox-academy/vendor/laravel/framework/src/Illuminate/Pipeline/Pipeline.php(209): Illuminate/Foundation/Http/Middleware/PreventRequestsDuringMaintenance->handle(Object(Illuminate/Http/Request), Object(Closure))
#34 D:/projects/emmiox-academy/emmiox-academy/vendor/laravel/framework/src/Illuminate/Http/Middleware/HandleCors.php(49): Illuminate/Pipeline/Pipeline->Illuminate/Pipeline/{closure}(Object(Illuminate/Http/Request))
#35 D:/projects/emmiox-academy/emmiox-academy/vendor/laravel/framework/src/Illuminate/Pipeline/Pipeline.php(209): Illuminate/Http/Middleware/HandleCors->handle(Object(Illuminate/Http/Request), Object(Closure))
#36 D:/projects/emmiox-academy/emmiox-academy/vendor/laravel/framework/src/Illuminate/Http/Middleware/TrustProxies.php(58): Illuminate/Pipeline/Pipeline->Illuminate/Pipeline/{closure}(Object(Illuminate/Http/Request))
#37 D:/projects/emmiox-academy/emmiox-academy/vendor/laravel/framework/src/Illuminate/Pipeline/Pipeline.php(209): Illuminate/Http/Middleware/TrustProxies->handle(Object(Illuminate/Http/Request), Object(Closure))
#38 D:/projects/emmiox-academy/emmiox-academy/vendor/laravel/framework/src/Illuminate/Foundation/Http/Middleware/InvokeDeferredCallbacks.php(22): Illuminate/Pipeline/Pipeline->Illuminate/Pipeline/{closure}(Object(Illuminate/Http/Request))
#39 D:/projects/emmiox-academy/emmiox-academy/vendor/laravel/framework/src/Illuminate/Pipeline/Pipeline.php(209): Illuminate/Foundation/Http/Middleware/InvokeDeferredCallbacks->handle(Object(Illuminate/Http/Request), Object(Closure))
#40 D:/projects/emmiox-academy/emmiox-academy/vendor/laravel/framework/src/Illuminate/Pipeline/Pipeline.php(127): Illuminate/Pipeline/Pipeline->Illuminate/Pipeline/{closure}(Object(Illuminate/Http/Request))
#41 D:/projects/emmiox-academy/emmiox-academy/vendor/laravel/framework/src/Illuminate/Foundation/Http/Kernel.php(176): Illuminate/Pipeline/Pipeline->then(Object(Closure))
#42 D:/projects/emmiox-academy/emmiox-academy/vendor/laravel/framework/src/Illuminate/Foundation/Http/Kernel.php(145): Illuminate/Foundation/Http/Kernel->sendRequestThroughRouter(Object(Illuminate/Http/Request))
#43 D:/projects/emmiox-academy/emmiox-academy/vendor/laravel/framework/src/Illuminate/Foundation/Application.php(1220): Illuminate/Foundation/Http/Kernel->handle(Object(Illuminate/Http/Request))
#44 D:/projects/emmiox-academy/emmiox-academy/public/index.php(17): Illuminate/Foundation/Application->handleRequest(Object(Illuminate/Http/Request))
#45 D:/projects/emmiox-academy/emmiox-academy/vendor/laravel/framework/src/Illuminate/Foundation/resources/server.php(23): require_once('D://projects//emm...')
#46 {main}
"} 
[2026-08-22 09:34:10] local.ERROR: No application encryption key has been specified. {"exception":"[object] (Illuminate\\Encryption\\MissingAppKeyException(code: 0): No application encryption key has been specified. at D:/projects/emmiox-academy/emmiox-academy/vendor/laravel/framework/src/Illuminate/Encryption/EncryptionServiceProvider.php:83)
[stacktrace]
#0 D:/projects/emmiox-academy/emmiox-academy/vendor/laravel/framework/src/Illuminate/Support/helpers.php(399): Illuminate/Encryption/EncryptionServiceProvider->Illuminate/Encryption/{closure}('')
#1 D:/projects/emmiox-academy/emmiox-academy/vendor/laravel/framework/src/Illuminate/Encryption/EncryptionServiceProvider.php(81): tap('', Object(Closure))
#2 D:/projects/emmiox-academy/emmiox-academy/vendor/laravel/framework/src/Illuminate/Encryption/EncryptionServiceProvider.php(64): Illuminate/Encryption/EncryptionServiceProvider->key(Array)
#3 D:/projects/emmiox-academy/emmiox-academy/vendor/laravel/framework/src/Illuminate/Encryption/EncryptionServiceProvider.php(32): Illuminate/Encryption/EncryptionServiceProvider->parseKey(Array)
#4 D:/projects/emmiox-academy/emmiox-academy/vendor/laravel/framework/src/Illuminate/Container/Container.php(952): Illuminate/Encryption/EncryptionServiceProvider->Illuminate/Encryption/{closure}(Object(Illuminate/Foundation/Application), Array)
#5 D:/projects/emmiox-academy/emmiox-academy/vendor/laravel/framework/src/Illuminate/Container/Container.php(832): Illuminate/Container/Container->build(Object(Closure))
#6 D:/projects/emmiox-academy/emmiox-academy/vendor/laravel/framework/src/Illuminate/Foundation/Application.php(1078): Illuminate/Container/Container->resolve('encrypter', Array, true)
#7 D:/projects/emmiox-academy/emmiox-academy/vendor/laravel/framework/src/Illuminate/Container/Container.php(763): Illuminate/Foundation/Application->resolve('encrypter', Array)
#8 D:/projects/emmiox-academy/emmiox-academy/vendor/laravel/framework/src/Illuminate/Foundation/Application.php(1058): Illuminate/Container/Container->make('encrypter', Array)
#9 D:/projects/emmiox-academy/emmiox-academy/vendor/laravel/framework/src/Illuminate/Container/Container.php(1133): Illuminate/Foundation/Application->make('encrypter')
#10 D:/projects/emmiox-academy/emmiox-academy/vendor/laravel/framework/src/Illuminate/Container/Container.php(1043): Illuminate/Container/Container->resolveClass(Object(ReflectionParameter))
#11 D:/projects/emmiox-academy/emmiox-academy/vendor/laravel/framework/src/Illuminate/Container/Container.php(994): Illuminate/Container/Container->resolveDependencies(Array)
#12 D:/projects/emmiox-academy/emmiox-academy/vendor/laravel/framework/src/Illuminate/Container/Container.php(832): Illuminate/Container/Container->build('Illuminate//Cook...')
#13 D:/projects/emmiox-academy/emmiox-academy/vendor/laravel/framework/src/Illuminate/Foundation/Application.php(1078): Illuminate/Container/Container->resolve('Illuminate//Cook...', Array, true)
#14 D:/projects/emmiox-academy/emmiox-academy/vendor/laravel/framework/src/Illuminate/Container/Container.php(763): Illuminate/Foundation/Application->resolve('Illuminate//Cook...', Array)
#15 D:/projects/emmiox-academy/emmiox-academy/vendor/laravel/framework/src/Illuminate/Foundation/Application.php(1058): Illuminate/Container/Container->make('Illuminate//Cook...', Array)
#16 D:/projects/emmiox-academy/emmiox-academy/vendor/laravel/framework/src/Illuminate/Foundation/Http/Kernel.php(258): Illuminate/Foundation/Application->make('Illuminate//Cook...')
#17 D:/projects/emmiox-academy/emmiox-academy/vendor/laravel/framework/src/Illuminate/Foundation/Http/Kernel.php(216): Illuminate/Foundation/Http/Kernel->terminateMiddleware(Object(Illuminate/Http/Request), Object(Illuminate/Http/Response))
#18 D:/projects/emmiox-academy/emmiox-academy/vendor/laravel/framework/src/Illuminate/Foundation/Application.php(1222): Illuminate/Foundation/Http/Kernel->terminate(Object(Illuminate/Http/Request), Object(Illuminate/Http/Response))
#19 D:/projects/emmiox-academy/emmiox-academy/public/index.php(17): Illuminate/Foundation/Application->handleRequest(Object(Illuminate/Http/Request))
#20 D:/projects/emmiox-academy/emmiox-academy/vendor/laravel/framework/src/Illuminate/Foundation/resources/server.php(23): require_once('D://projects//emm...')
#21 {main}
"} 
[2026-08-22 09:34:57] local.ERROR: Vite manifest not found at: D:\projects\emmiox-academy\emmiox-academy\public\build/manifest.json (View: D:\projects\emmiox-academy\emmiox-academy\resources\views\components\layouts\app.blade.php) (View: D:\projects\emmiox-academy\emmiox-academy\resources\views\components\layouts\app.blade.php) (View: D:\projects\emmiox-academy\emmiox-academy\resources\views\components\layouts\app.blade.php) {"exception":"[object] (Illuminate\\View\\ViewException(code: 0): Vite manifest not found at: D:\\projects\\emmiox-academy\\emmiox-academy\\public\\build/manifest.json (View: D:\\projects\\emmiox-academy\\emmiox-academy\\resources\\views\\components\\layouts\\app.blade.php) (View: D:\\projects\\emmiox-academy\\emmiox-academy\\resources\\views\\components\\layouts\\app.blade.php) (View: D:\\projects\\emmiox-academy\\emmiox-academy\\resources\\views\\components\\layouts\\app.blade.php) at D:/projects/emmiox-academy/emmiox-academy/vendor/laravel/framework/src/Illuminate/Foundation/Vite.php:934)
[stacktrace]
#0 D:/projects/emmiox-academy/emmiox-academy/vendor/laravel/framework/src/Illuminate/View/Engines/PhpEngine.php(60): Illuminate/View/Engines/CompilerEngine->handleViewException(Object(Illuminate/View/ViewException), 1)
#1 D:/projects/emmiox-academy/emmiox-academy/vendor/laravel/framework/src/Illuminate/View/Engines/CompilerEngine.php(75): Illuminate/View/Engines/PhpEngine->evaluatePath('D://projects//emm...', Array)
#2 D:/projects/emmiox-academy/emmiox-academy/vendor/laravel/framework/src/Illuminate/View/View.php(209): Illuminate/View/Engines/CompilerEngine->get('D://projects//emm...', Array)
#3 D:/projects/emmiox-academy/emmiox-academy/vendor/laravel/framework/src/Illuminate/View/View.php(192): Illuminate/View/View->getContents()
#4 D:/projects/emmiox-academy/emmiox-academy/vendor/laravel/framework/src/Illuminate/View/View.php(161): Illuminate/View/View->renderContents()
#5 D:/projects/emmiox-academy/emmiox-academy/vendor/laravel/framework/src/Illuminate/Http/Response.php(79): Illuminate/View/View->render()
#6 D:/projects/emmiox-academy/emmiox-academy/vendor/laravel/framework/src/Illuminate/Http/Response.php(35): Illuminate/Http/Response->setContent(Object(Illuminate/View/View))
#7 D:/projects/emmiox-academy/emmiox-academy/vendor/laravel/framework/src/Illuminate/Routing/Router.php(920): Illuminate/Http/Response->__construct(Object(Illuminate/View/View), 200, Array)
#8 D:/projects/emmiox-academy/emmiox-academy/vendor/laravel/framework/src/Illuminate/Routing/Router.php(887): Illuminate/Routing/Router::toResponse(Object(Illuminate/Http/Request), Object(Illuminate/View/View))
#9 D:/projects/emmiox-academy/emmiox-academy/vendor/laravel/framework/src/Illuminate/Routing/Router.php(807): Illuminate/Routing/Router->prepareResponse(Object(Illuminate/Http/Request), Object(Illuminate/View/View))
#10 D:/projects/emmiox-academy/emmiox-academy/vendor/laravel/framework/src/Illuminate/Pipeline/Pipeline.php(170): Illuminate/Routing/Router->Illuminate/Routing/{closure}(Object(Illuminate/Http/Request))
#11 D:/projects/emmiox-academy/emmiox-academy/vendor/laravel/framework/src/Illuminate/Routing/Middleware/SubstituteBindings.php(51): Illuminate/Pipeline/Pipeline->Illuminate/Pipeline/{closure}(Object(Illuminate/Http/Request))
#12 D:/projects/emmiox-academy/emmiox-academy/vendor/laravel/framework/src/Illuminate/Pipeline/Pipeline.php(209): Illuminate/Routing/Middleware/SubstituteBindings->handle(Object(Illuminate/Http/Request), Object(Closure))
#13 D:/projects/emmiox-academy/emmiox-academy/vendor/laravel/framework/src/Illuminate/Foundation/Http/Middleware/VerifyCsrfToken.php(88): Illuminate/Pipeline/Pipeline->Illuminate/Pipeline/{closure}(Object(Illuminate/Http/Request))
#14 D:/projects/emmiox-academy/emmiox-academy/vendor/laravel/framework/src/Illuminate/Pipeline/Pipeline.php(209): Illuminate/Foundation/Http/Middleware/VerifyCsrfToken->handle(Object(Illuminate/Http/Request), Object(Closure))
#15 D:/projects/emmiox-academy/emmiox-academy/vendor/laravel/framework/src/Illuminate/View/Middleware/ShareErrorsFromSession.php(49): Illuminate/Pipeline/Pipeline->Illuminate/Pipeline/{closure}(Object(Illuminate/Http/Request))
#16 D:/projects/emmiox-academy/emmiox-academy/vendor/laravel/framework/src/Illuminate/Pipeline/Pipeline.php(209): Illuminate/View/Middleware/ShareErrorsFromSession->handle(Object(Illuminate/Http/Request), Object(Closure))
#17 D:/projects/emmiox-academy/emmiox-academy/vendor/laravel/framework/src/Illuminate/Session/Middleware/StartSession.php(121): Illuminate/Pipeline/Pipeline->Illuminate/Pipeline/{closure}(Object(Illuminate/Http/Request))
#18 D:/projects/emmiox-academy/emmiox-academy/vendor/laravel/framework/src/Illuminate/Session/Middleware/StartSession.php(64): Illuminate/Session/Middleware/StartSession->handleStatefulRequest(Object(Illuminate/Http/Request), Object(Illuminate/Session/Store), Object(Closure))
#19 D:/projects/emmiox-academy/emmiox-academy/vendor/laravel/framework/src/Illuminate/Pipeline/Pipeline.php(209): Illuminate/Session/Middleware/StartSession->handle(Object(Illuminate/Http/Request), Object(Closure))
#20 D:/projects/emmiox-academy/emmiox-academy/vendor/laravel/framework/src/Illuminate/Cookie/Middleware/AddQueuedCookiesToResponse.php(37): Illuminate/Pipeline/Pipeline->Illuminate/Pipeline/{closure}(Object(Illuminate/Http/Request))
#21 D:/projects/emmiox-academy/emmiox-academy/vendor/laravel/framework/src/Illuminate/Pipeline/Pipeline.php(209): Illuminate/Cookie/Middleware/AddQueuedCookiesToResponse->handle(Object(Illuminate/Http/Request), Object(Closure))
#22 D:/projects/emmiox-academy/emmiox-academy/vendor/laravel/framework/src/Illuminate/Cookie/Middleware/EncryptCookies.php(75): Illuminate/Pipeline/Pipeline->Illuminate/Pipeline/{closure}(Object(Illuminate/Http/Request))
#23 D:/projects/emmiox-academy/emmiox-academy/vendor/laravel/framework/src/Illuminate/Pipeline/Pipeline.php(209): Illuminate/Cookie/Middleware/EncryptCookies->handle(Object(Illuminate/Http/Request), Object(Closure))
#24 D:/projects/emmiox-academy/emmiox-academy/vendor/laravel/framework/src/Illuminate/Pipeline/Pipeline.php(127): Illuminate/Pipeline/Pipeline->Illuminate/Pipeline/{closure}(Object(Illuminate/Http/Request))
#25 D:/projects/emmiox-academy/emmiox-academy/vendor/laravel/framework/src/Illuminate/Routing/Router.php(807): Illuminate/Pipeline/Pipeline->then(Object(Closure))
#26 D:/projects/emmiox-academy/emmiox-academy/vendor/laravel/framework/src/Illuminate/Routing/Router.php(786): Illuminate/Routing/Router->runRouteWithinStack(Object(Illuminate/Routing/Route), Object(Illuminate/Http/Request))
#27 D:/projects/emmiox-academy/emmiox-academy/vendor/laravel/framework/src/Illuminate/Routing/Router.php(750): Illuminate/Routing/Router->runRoute(Object(Illuminate/Http/Request), Object(Illuminate/Routing/Route))
#28 D:/projects/emmiox-academy/emmiox-academy/vendor/laravel/framework/src/Illuminate/Routing/Router.php(739): Illuminate/Routing/Router->dispatchToRoute(Object(Illuminate/Http/Request))
#29 D:/projects/emmiox-academy/emmiox-academy/vendor/laravel/framework/src/Illuminate/Foundation/Http/Kernel.php(201): Illuminate/Routing/Router->dispatch(Object(Illuminate/Http/Request))
#30 D:/projects/emmiox-academy/emmiox-academy/vendor/laravel/framework/src/Illuminate/Pipeline/Pipeline.php(170): Illuminate/Foundation/Http/Kernel->Illuminate/Foundation/Http/{closure}(Object(Illuminate/Http/Request))
#31 D:/projects/emmiox-academy/emmiox-academy/vendor/laravel/framework/src/Illuminate/Foundation/Http/Middleware/TransformsRequest.php(21): Illuminate/Pipeline/Pipeline->Illuminate/Pipeline/{closure}(Object(Illuminate/Http/Request))
#32 D:/projects/emmiox-academy/emmiox-academy/vendor/laravel/framework/src/Illuminate/Foundation/Http/Middleware/ConvertEmptyStringsToNull.php(31): Illuminate/Foundation/Http/Middleware/TransformsRequest->handle(Object(Illuminate/Http/Request), Object(Closure))
#33 D:/projects/emmiox-academy/emmiox-academy/vendor/laravel/framework/src/Illuminate/Pipeline/Pipeline.php(209): Illuminate/Foundation/Http/Middleware/ConvertEmptyStringsToNull->handle(Object(Illuminate/Http/Request), Object(Closure))
#34 D:/projects/emmiox-academy/emmiox-academy/vendor/laravel/framework/src/Illuminate/Foundation/Http/Middleware/TransformsRequest.php(21): Illuminate/Pipeline/Pipeline->Illuminate/Pipeline/{closure}(Object(Illuminate/Http/Request))
#35 D:/projects/emmiox-academy/emmiox-academy/vendor/laravel/framework/src/Illuminate/Foundation/Http/Middleware/TrimStrings.php(51): Illuminate/Foundation/Http/Middleware/TransformsRequest->handle(Object(Illuminate/Http/Request), Object(Closure))
#36 D:/projects/emmiox-academy/emmiox-academy/vendor/laravel/framework/src/Illuminate/Pipeline/Pipeline.php(209): Illuminate/Foundation/Http/Middleware/TrimStrings->handle(Object(Illuminate/Http/Request), Object(Closure))
#37 D:/projects/emmiox-academy/emmiox-academy/vendor/laravel/framework/src/Illuminate/Http/Middleware/ValidatePostSize.php(27): Illuminate/Pipeline/Pipeline->Illuminate/Pipeline/{closure}(Object(Illuminate/Http/Request))
#38 D:/projects/emmiox-academy/emmiox-academy/vendor/laravel/framework/src/Illuminate/Pipeline/Pipeline.php(209): Illuminate/Http/Middleware/ValidatePostSize->handle(Object(Illuminate/Http/Request), Object(Closure))
#39 D:/projects/emmiox-academy/emmiox-academy/vendor/laravel/framework/src/Illuminate/Foundation/Http/Middleware/PreventRequestsDuringMaintenance.php(110): Illuminate/Pipeline/Pipeline->Illuminate/Pipeline/{closure}(Object(Illuminate/Http/Request))
#40 D:/projects/emmiox-academy/emmiox-academy/vendor/laravel/framework/src/Illuminate/Pipeline/Pipeline.php(209): Illuminate/Foundation/Http/Middleware/PreventRequestsDuringMaintenance->handle(Object(Illuminate/Http/Request), Object(Closure))
#41 D:/projects/emmiox-academy/emmiox-academy/vendor/laravel/framework/src/Illuminate/Http/Middleware/HandleCors.php(49): Illuminate/Pipeline/Pipeline->Illuminate/Pipeline/{closure}(Object(Illuminate/Http/Request))
#42 D:/projects/emmiox-academy/emmiox-academy/vendor/laravel/framework/src/Illuminate/Pipeline/Pipeline.php(209): Illuminate/Http/Middleware/HandleCors->handle(Object(Illuminate/Http/Request), Object(Closure))
#43 D:/projects/emmiox-academy/emmiox-academy/vendor/laravel/framework/src/Illuminate/Http/Middleware/TrustProxies.php(58): Illuminate/Pipeline/Pipeline->Illuminate/Pipeline/{closure}(Object(Illuminate/Http/Request))
#44 D:/projects/emmiox-academy/emmiox-academy/vendor/laravel/framework/src/Illuminate/Pipeline/Pipeline.php(209): Illuminate/Http/Middleware/TrustProxies->handle(Object(Illuminate/Http/Request), Object(Closure))
#45 D:/projects/emmiox-academy/emmiox-academy/vendor/laravel/framework/src/Illuminate/Foundation/Http/Middleware/InvokeDeferredCallbacks.php(22): Illuminate/Pipeline/Pipeline->Illuminate/Pipeline/{closure}(Object(Illuminate/Http/Request))
#46 D:/projects/emmiox-academy/emmiox-academy/vendor/laravel/framework/src/Illuminate/Pipeline/Pipeline.php(209): Illuminate/Foundation/Http/Middleware/InvokeDeferredCallbacks->handle(Object(Illuminate/Http/Request), Object(Closure))
#47 D:/projects/emmiox-academy/emmiox-academy/vendor/laravel/framework/src/Illuminate/Pipeline/Pipeline.php(127): Illuminate/Pipeline/Pipeline->Illuminate/Pipeline/{closure}(Object(Illuminate/Http/Request))
#48 D:/projects/emmiox-academy/emmiox-academy/vendor/laravel/framework/src/Illuminate/Foundation/Http/Kernel.php(176): Illuminate/Pipeline/Pipeline->then(Object(Closure))
#49 D:/projects/emmiox-academy/emmiox-academy/vendor/laravel/framework/src/Illuminate/Foundation/Http/Kernel.php(145): Illuminate/Foundation/Http/Kernel->sendRequestThroughRouter(Object(Illuminate/Http/Request))
#50 D:/projects/emmiox-academy/emmiox-academy/vendor/laravel/framework/src/Illuminate/Foundation/Application.php(1220): Illuminate/Foundation/Http/Kernel->handle(Object(Illuminate/Http/Request))
#51 D:/projects/emmiox-academy/emmiox-academy/public/index.php(17): Illuminate/Foundation/Application->handleRequest(Object(Illuminate/Http/Request))
#52 D:/projects/emmiox-academy/emmiox-academy/vendor/laravel/framework/src/Illuminate/Foundation/resources/server.php(23): require_once('D://projects//emm...')
#53 {main}

[previous exception] [object] (Illuminate\\View\\ViewException(code: 0): Vite manifest not found at: D:\\projects\\emmiox-academy\\emmiox-academy\\public\\build/manifest.json (View: D:\\projects\\emmiox-academy\\emmiox-academy\\resources\\views\\components\\layouts\\app.blade.php) (View: D:\\projects\\emmiox-academy\\emmiox-academy\\resources\\views\\components\\layouts\\app.blade.php) at D:/projects/emmiox-academy/emmiox-academy/vendor/laravel/framework/src/Illuminate/Foundation/Vite.php:934)
[stacktrace]
#0 D:/projects/emmiox-academy/emmiox-academy/vendor/laravel/framework/src/Illuminate/View/Engines/PhpEngine.php(60): Illuminate/View/Engines/CompilerEngine->handleViewException(Object(Illuminate/View/ViewException), 2)
#1 D:/projects/emmiox-academy/emmiox-academy/vendor/laravel/framework/src/Illuminate/View/Engines/CompilerEngine.php(75): Illuminate/View/Engines/PhpEngine->evaluatePath('D://projects//emm...', Array)
#2 D:/projects/emmiox-academy/emmiox-academy/vendor/laravel/framework/src/Illuminate/View/View.php(209): Illuminate/View/Engines/CompilerEngine->get('D://projects//emm...', Array)
#3 D:/projects/emmiox-academy/emmiox-academy/vendor/laravel/framework/src/Illuminate/View/View.php(192): Illuminate/View/View->getContents()
#4 D:/projects/emmiox-academy/emmiox-academy/vendor/laravel/framework/src/Illuminate/View/View.php(161): Illuminate/View/View->renderContents()
#5 D:/projects/emmiox-academy/emmiox-academy/vendor/laravel/framework/src/Illuminate/View/Concerns/ManagesComponents.php(103): Illuminate/View/View->render()
#6 D:/projects/emmiox-academy/emmiox-academy/storage/framework/views/3515cf900323f1cf5414c739757f9c43.php(209): Illuminate/View/Factory->renderComponent()
#7 D:/projects/emmiox-academy/emmiox-academy/vendor/laravel/framework/src/Illuminate/Filesystem/Filesystem.php(123): require('D://projects//emm...')
#8 D:/projects/emmiox-academy/emmiox-academy/vendor/laravel/framework/src/Illuminate/Filesystem/Filesystem.php(124): Illuminate/Filesystem/Filesystem::Illuminate/Filesystem/{closure}()
#9 D:/projects/emmiox-academy/emmiox-academy/vendor/laravel/framework/src/Illuminate/View/Engines/PhpEngine.php(58): Illuminate/Filesystem/Filesystem->getRequire('D://projects//emm...', Array)
#10 D:/projects/emmiox-academy/emmiox-academy/vendor/laravel/framework/src/Illuminate/View/Engines/CompilerEngine.php(75): Illuminate/View/Engines/PhpEngine->evaluatePath('D://projects//emm...', Array)
#11 D:/projects/emmiox-academy/emmiox-academy/vendor/laravel/framework/src/Illuminate/View/View.php(209): Illuminate/View/Engines/CompilerEngine->get('D://projects//emm...', Array)
#12 D:/projects/emmiox-academy/emmiox-academy/vendor/laravel/framework/src/Illuminate/View/View.php(192): Illuminate/View/View->getContents()
#13 D:/projects/emmiox-academy/emmiox-academy/vendor/laravel/framework/src/Illuminate/View/View.php(161): Illuminate/View/View->renderContents()
#14 D:/projects/emmiox-academy/emmiox-academy/vendor/laravel/framework/src/Illuminate/Http/Response.php(79): Illuminate/View/View->render()
#15 D:/projects/emmiox-academy/emmiox-academy/vendor/laravel/framework/src/Illuminate/Http/Response.php(35): Illuminate/Http/Response->setContent(Object(Illuminate/View/View))
#16 D:/projects/emmiox-academy/emmiox-academy/vendor/laravel/framework/src/Illuminate/Routing/Router.php(920): Illuminate/Http/Response->__construct(Object(Illuminate/View/View), 200, Array)
#17 D:/projects/emmiox-academy/emmiox-academy/vendor/laravel/framework/src/Illuminate/Routing/Router.php(887): Illuminate/Routing/Router::toResponse(Object(Illuminate/Http/Request), Object(Illuminate/View/View))
#18 D:/projects/emmiox-academy/emmiox-academy/vendor/laravel/framework/src/Illuminate/Routing/Router.php(807): Illuminate/Routing/Router->prepareResponse(Object(Illuminate/Http/Request), Object(Illuminate/View/View))
#19 D:/projects/emmiox-academy/emmiox-academy/vendor/laravel/framework/src/Illuminate/Pipeline/Pipeline.php(170): Illuminate/Routing/Router->Illuminate/Routing/{closure}(Object(Illuminate/Http/Request))
#20 D:/projects/emmiox-academy/emmiox-academy/vendor/laravel/framework/src/Illuminate/Routing/Middleware/SubstituteBindings.php(51): Illuminate/Pipeline/Pipeline->Illuminate/Pipeline/{closure}(Object(Illuminate/Http/Request))
#21 D:/projects/emmiox-academy/emmiox-academy/vendor/laravel/framework/src/Illuminate/Pipeline/Pipeline.php(209): Illuminate/Routing/Middleware/SubstituteBindings->handle(Object(Illuminate/Http/Request), Object(Closure))
#22 D:/projects/emmiox-academy/emmiox-academy/vendor/laravel/framework/src/Illuminate/Foundation/Http/Middleware/VerifyCsrfToken.php(88): Illuminate/Pipeline/Pipeline->Illuminate/Pipeline/{closure}(Object(Illuminate/Http/Request))
#23 D:/projects/emmiox-academy/emmiox-academy/vendor/laravel/framework/src/Illuminate/Pipeline/Pipeline.php(209): Illuminate/Foundation/Http/Middleware/VerifyCsrfToken->handle(Object(Illuminate/Http/Request), Object(Closure))
#24 D:/projects/emmiox-academy/emmiox-academy/vendor/laravel/framework/src/Illuminate/View/Middleware/ShareErrorsFromSession.php(49): Illuminate/Pipeline/Pipeline->Illuminate/Pipeline/{closure}(Object(Illuminate/Http/Request))
#25 D:/projects/emmiox-academy/emmiox-academy/vendor/laravel/framework/src/Illuminate/Pipeline/Pipeline.php(209): Illuminate/View/Middleware/ShareErrorsFromSession->handle(Object(Illuminate/Http/Request), Object(Closure))
#26 D:/projects/emmiox-academy/emmiox-academy/vendor/laravel/framework/src/Illuminate/Session/Middleware/StartSession.php(121): Illuminate/Pipeline/Pipeline->Illuminate/Pipeline/{closure}(Object(Illuminate/Http/Request))
#27 D:/projects/emmiox-academy/emmiox-academy/vendor/laravel/framework/src/Illuminate/Session/Middleware/StartSession.php(64): Illuminate/Session/Middleware/StartSession->handleStatefulRequest(Object(Illuminate/Http/Request), Object(Illuminate/Session/Store), Object(Closure))
#28 D:/projects/emmiox-academy/emmiox-academy/vendor/laravel/framework/src/Illuminate/Pipeline/Pipeline.php(209): Illuminate/Session/Middleware/StartSession->handle(Object(Illuminate/Http/Request), Object(Closure))
#29 D:/projects/emmiox-academy/emmiox-academy/vendor/laravel/framework/src/Illuminate/Cookie/Middleware/AddQueuedCookiesToResponse.php(37): Illuminate/Pipeline/Pipeline->Illuminate/Pipeline/{closure}(Object(Illuminate/Http/Request))
#30 D:/projects/emmiox-academy/emmiox-academy/vendor/laravel/framework/src/Illuminate/Pipeline/Pipeline.php(209): Illuminate/Cookie/Middleware/AddQueuedCookiesToResponse->handle(Object(Illuminate/Http/Request), Object(Closure))
#31 D:/projects/emmiox-academy/emmiox-academy/vendor/laravel/framework/src/Illuminate/Cookie/Middleware/EncryptCookies.php(75): Illuminate/Pipeline/Pipeline->Illuminate/Pipeline/{closure}(Object(Illuminate/Http/Request))
#32 D:/projects/emmiox-academy/emmiox-academy/vendor/laravel/framework/src/Illuminate/Pipeline/Pipeline.php(209): Illuminate/Cookie/Middleware/EncryptCookies->handle(Object(Illuminate/Http/Request), Object(Closure))
#33 D:/projects/emmiox-academy/emmiox-academy/vendor/laravel/framework/src/Illuminate/Pipeline/Pipeline.php(127): Illuminate/Pipeline/Pipeline->Illuminate/Pipeline/{closure}(Object(Illuminate/Http/Request))
#34 D:/projects/emmiox-academy/emmiox-academy/vendor/laravel/framework/src/Illuminate/Routing/Router.php(807): Illuminate/Pipeline/Pipeline->then(Object(Closure))
#35 D:/projects/emmiox-academy/emmiox-academy/vendor/laravel/framework/src/Illuminate/Routing/Router.php(786): Illuminate/Routing/Router->runRouteWithinStack(Object(Illuminate/Routing/Route), Object(Illuminate/Http/Request))
#36 D:/projects/emmiox-academy/emmiox-academy/vendor/laravel/framework/src/Illuminate/Routing/Router.php(750): Illuminate/Routing/Router->runRoute(Object(Illuminate/Http/Request), Object(Illuminate/Routing/Route))
#37 D:/projects/emmiox-academy/emmiox-academy/vendor/laravel/framework/src/Illuminate/Routing/Router.php(739): Illuminate/Routing/Router->dispatchToRoute(Object(Illuminate/Http/Request))
#38 D:/projects/emmiox-academy/emmiox-academy/vendor/laravel/framework/src/Illuminate/Foundation/Http/Kernel.php(201): Illuminate/Routing/Router->dispatch(Object(Illuminate/Http/Request))
#39 D:/projects/emmiox-academy/emmiox-academy/vendor/laravel/framework/src/Illuminate/Pipeline/Pipeline.php(170): Illuminate/Foundation/Http/Kernel->Illuminate/Foundation/Http/{closure}(Object(Illuminate/Http/Request))
#40 D:/projects/emmiox-academy/emmiox-academy/vendor/laravel/framework/src/Illuminate/Foundation/Http/Middleware/TransformsRequest.php(21): Illuminate/Pipeline/Pipeline->Illuminate/Pipeline/{closure}(Object(Illuminate/Http/Request))
#41 D:/projects/emmiox-academy/emmiox-academy/vendor/laravel/framework/src/Illuminate/Foundation/Http/Middleware/ConvertEmptyStringsToNull.php(31): Illuminate/Foundation/Http/Middleware/TransformsRequest->handle(Object(Illuminate/Http/Request), Object(Closure))
#42 D:/projects/emmiox-academy/emmiox-academy/vendor/laravel/framework/src/Illuminate/Pipeline/Pipeline.php(209): Illuminate/Foundation/Http/Middleware/ConvertEmptyStringsToNull->handle(Object(Illuminate/Http/Request), Object(Closure))
#43 D:/projects/emmiox-academy/emmiox-academy/vendor/laravel/framework/src/Illuminate/Foundation/Http/Middleware/TransformsRequest.php(21): Illuminate/Pipeline/Pipeline->Illuminate/Pipeline/{closure}(Object(Illuminate/Http/Request))
#44 D:/projects/emmiox-academy/emmiox-academy/vendor/laravel/framework/src/Illuminate/Foundation/Http/Middleware/TrimStrings.php(51): Illuminate/Foundation/Http/Middleware/TransformsRequest->handle(Object(Illuminate/Http/Request), Object(Closure))
#45 D:/projects/emmiox-academy/emmiox-academy/vendor/laravel/framework/src/Illuminate/Pipeline/Pipeline.php(209): Illuminate/Foundation/Http/Middleware/TrimStrings->handle(Object(Illuminate/Http/Request), Object(Closure))
#46 D:/projects/emmiox-academy/emmiox-academy/vendor/laravel/framework/src/Illuminate/Http/Middleware/ValidatePostSize.php(27): Illuminate/Pipeline/Pipeline->Illuminate/Pipeline/{closure}(Object(Illuminate/Http/Request))
#47 D:/projects/emmiox-academy/emmiox-academy/vendor/laravel/framework/src/Illuminate/Pipeline/Pipeline.php(209): Illuminate/Http/Middleware/ValidatePostSize->handle(Object(Illuminate/Http/Request), Object(Closure))
#48 D:/projects/emmiox-academy/emmiox-academy/vendor/laravel/framework/src/Illuminate/Foundation/Http/Middleware/PreventRequestsDuringMaintenance.php(110): Illuminate/Pipeline/Pipeline->Illuminate/Pipeline/{closure}(Object(Illuminate/Http/Request))
#49 D:/projects/emmiox-academy/emmiox-academy/vendor/laravel/framework/src/Illuminate/Pipeline/Pipeline.php(209): Illuminate/Foundation/Http/Middleware/PreventRequestsDuringMaintenance->handle(Object(Illuminate/Http/Request), Object(Closure))
#50 D:/projects/emmiox-academy/emmiox-academy/vendor/laravel/framework/src/Illuminate/Http/Middleware/HandleCors.php(49): Illuminate/Pipeline/Pipeline->Illuminate/Pipeline/{closure}(Object(Illuminate/Http/Request))
#51 D:/projects/emmiox-academy/emmiox-academy/vendor/laravel/framework/src/Illuminate/Pipeline/Pipeline.php(209): Illuminate/Http/Middleware/HandleCors->handle(Object(Illuminate/Http/Request), Object(Closure))
#52 D:/projects/emmiox-academy/emmiox-academy/vendor/laravel/framework/src/Illuminate/Http/Middleware/TrustProxies.php(58): Illuminate/Pipeline/Pipeline->Illuminate/Pipeline/{closure}(Object(Illuminate/Http/Request))
#53 D:/projects/emmiox-academy/emmiox-academy/vendor/laravel/framework/src/Illuminate/Pipeline/Pipeline.php(209): Illuminate/Http/Middleware/TrustProxies->handle(Object(Illuminate/Http/Request), Object(Closure))
#54 D:/projects/emmiox-academy/emmiox-academy/vendor/laravel/framework/src/Illuminate/Foundation/Http/Middleware/InvokeDeferredCallbacks.php(22): Illuminate/Pipeline/Pipeline->Illuminate/Pipeline/{closure}(Object(Illuminate/Http/Request))
#55 D:/projects/emmiox-academy/emmiox-academy/vendor/laravel/framework/src/Illuminate/Pipeline/Pipeline.php(209): Illuminate/Foundation/Http/Middleware/InvokeDeferredCallbacks->handle(Object(Illuminate/Http/Request), Object(Closure))
#56 D:/projects/emmiox-academy/emmiox-academy/vendor/laravel/framework/src/Illuminate/Pipeline/Pipeline.php(127): Illuminate/Pipeline/Pipeline->Illuminate/Pipeline/{closure}(Object(Illuminate/Http/Request))
#57 D:/projects/emmiox-academy/emmiox-academy/vendor/laravel/framework/src/Illuminate/Foundation/Http/Kernel.php(176): Illuminate/Pipeline/Pipeline->then(Object(Closure))
#58 D:/projects/emmiox-academy/emmiox-academy/vendor/laravel/framework/src/Illuminate/Foundation/Http/Kernel.php(145): Illuminate/Foundation/Http/Kernel->sendRequestThroughRouter(Object(Illuminate/Http/Request))
#59 D:/projects/emmiox-academy/emmiox-academy/vendor/laravel/framework/src/Illuminate/Foundation/Application.php(1220): Illuminate/Foundation/Http/Kernel->handle(Object(Illuminate/Http/Request))
#60 D:/projects/emmiox-academy/emmiox-academy/public/index.php(17): Illuminate/Foundation/Application->handleRequest(Object(Illuminate/Http/Request))
#61 D:/projects/emmiox-academy/emmiox-academy/vendor/laravel/framework/src/Illuminate/Foundation/resources/server.php(23): require_once('D://projects//emm...')
#62 {main}

[previous exception] [object] (Illuminate\\View\\ViewException(code: 0): Vite manifest not found at: D:\\projects\\emmiox-academy\\emmiox-academy\\public\\build/manifest.json (View: D:\\projects\\emmiox-academy\\emmiox-academy\\resources\\views\\components\\layouts\\app.blade.php) at D:/projects/emmiox-academy/emmiox-academy/vendor/laravel/framework/src/Illuminate/Foundation/Vite.php:934)
[stacktrace]
#0 D:/projects/emmiox-academy/emmiox-academy/vendor/laravel/framework/src/Illuminate/View/Engines/PhpEngine.php(60): Illuminate/View/Engines/CompilerEngine->handleViewException(Object(Illuminate/Foundation/ViteManifestNotFoundException), 3)
#1 D:/projects/emmiox-academy/emmiox-academy/vendor/laravel/framework/src/Illuminate/View/Engines/CompilerEngine.php(75): Illuminate/View/Engines/PhpEngine->evaluatePath('D://projects//emm...', Array)
#2 D:/projects/emmiox-academy/emmiox-academy/vendor/laravel/framework/src/Illuminate/View/View.php(209): Illuminate/View/Engines/CompilerEngine->get('D://projects//emm...', Array)
#3 D:/projects/emmiox-academy/emmiox-academy/vendor/laravel/framework/src/Illuminate/View/View.php(192): Illuminate/View/View->getContents()
#4 D:/projects/emmiox-academy/emmiox-academy/vendor/laravel/framework/src/Illuminate/View/View.php(161): Illuminate/View/View->renderContents()
#5 D:/projects/emmiox-academy/emmiox-academy/vendor/laravel/framework/src/Illuminate/View/Concerns/ManagesComponents.php(103): Illuminate/View/View->render()
#6 D:/projects/emmiox-academy/emmiox-academy/storage/framework/views/98ac23a0241b0de7dd2cdc6ffde20945.php(85): Illuminate/View/Factory->renderComponent()
#7 D:/projects/emmiox-academy/emmiox-academy/vendor/laravel/framework/src/Illuminate/Filesystem/Filesystem.php(123): require('D://projects//emm...')
#8 D:/projects/emmiox-academy/emmiox-academy/vendor/laravel/framework/src/Illuminate/Filesystem/Filesystem.php(124): Illuminate/Filesystem/Filesystem::Illuminate/Filesystem/{closure}()
#9 D:/projects/emmiox-academy/emmiox-academy/vendor/laravel/framework/src/Illuminate/View/Engines/PhpEngine.php(58): Illuminate/Filesystem/Filesystem->getRequire('D://projects//emm...', Array)
#10 D:/projects/emmiox-academy/emmiox-academy/vendor/laravel/framework/src/Illuminate/View/Engines/CompilerEngine.php(75): Illuminate/View/Engines/PhpEngine->evaluatePath('D://projects//emm...', Array)
#11 D:/projects/emmiox-academy/emmiox-academy/vendor/laravel/framework/src/Illuminate/View/View.php(209): Illuminate/View/Engines/CompilerEngine->get('D://projects//emm...', Array)
#12 D:/projects/emmiox-academy/emmiox-academy/vendor/laravel/framework/src/Illuminate/View/View.php(192): Illuminate/View/View->getContents()
#13 D:/projects/emmiox-academy/emmiox-academy/vendor/laravel/framework/src/Illuminate/View/View.php(161): Illuminate/View/View->renderContents()
#14 D:/projects/emmiox-academy/emmiox-academy/vendor/laravel/framework/src/Illuminate/View/Concerns/ManagesComponents.php(103): Illuminate/View/View->render()
#15 D:/projects/emmiox-academy/emmiox-academy/storage/framework/views/3515cf900323f1cf5414c739757f9c43.php(209): Illuminate/View/Factory->renderComponent()
#16 D:/projects/emmiox-academy/emmiox-academy/vendor/laravel/framework/src/Illuminate/Filesystem/Filesystem.php(123): require('D://projects//emm...')
#17 D:/projects/emmiox-academy/emmiox-academy/vendor/laravel/framework/src/Illuminate/Filesystem/Filesystem.php(124): Illuminate/Filesystem/Filesystem::Illuminate/Filesystem/{closure}()
#18 D:/projects/emmiox-academy/emmiox-academy/vendor/laravel/framework/src/Illuminate/View/Engines/PhpEngine.php(58): Illuminate/Filesystem/Filesystem->getRequire('D://projects//emm...', Array)
#19 D:/projects/emmiox-academy/emmiox-academy/vendor/laravel/framework/src/Illuminate/View/Engines/CompilerEngine.php(75): Illuminate/View/Engines/PhpEngine->evaluatePath('D://projects//emm...', Array)
#20 D:/projects/emmiox-academy/emmiox-academy/vendor/laravel/framework/src/Illuminate/View/View.php(209): Illuminate/View/Engines/CompilerEngine->get('D://projects//emm...', Array)
#21 D:/projects/emmiox-academy/emmiox-academy/vendor/laravel/framework/src/Illuminate/View/View.php(192): Illuminate/View/View->getContents()
#22 D:/projects/emmiox-academy/emmiox-academy/vendor/laravel/framework/src/Illuminate/View/View.php(161): Illuminate/View/View->renderContents()
#23 D:/projects/emmiox-academy/emmiox-academy/vendor/laravel/framework/src/Illuminate/Http/Response.php(79): Illuminate/View/View->render()
#24 D:/projects/emmiox-academy/emmiox-academy/vendor/laravel/framework/src/Illuminate/Http/Response.php(35): Illuminate/Http/Response->setContent(Object(Illuminate/View/View))
#25 D:/projects/emmiox-academy/emmiox-academy/vendor/laravel/framework/src/Illuminate/Routing/Router.php(920): Illuminate/Http/Response->__construct(Object(Illuminate/View/View), 200, Array)
#26 D:/projects/emmiox-academy/emmiox-academy/vendor/laravel/framework/src/Illuminate/Routing/Router.php(887): Illuminate/Routing/Router::toResponse(Object(Illuminate/Http/Request), Object(Illuminate/View/View))
#27 D:/projects/emmiox-academy/emmiox-academy/vendor/laravel/framework/src/Illuminate/Routing/Router.php(807): Illuminate/Routing/Router->prepareResponse(Object(Illuminate/Http/Request), Object(Illuminate/View/View))
#28 D:/projects/emmiox-academy/emmiox-academy/vendor/laravel/framework/src/Illuminate/Pipeline/Pipeline.php(170): Illuminate/Routing/Router->Illuminate/Routing/{closure}(Object(Illuminate/Http/Request))
#29 D:/projects/emmiox-academy/emmiox-academy/vendor/laravel/framework/src/Illuminate/Routing/Middleware/SubstituteBindings.php(51): Illuminate/Pipeline/Pipeline->Illuminate/Pipeline/{closure}(Object(Illuminate/Http/Request))
#30 D:/projects/emmiox-academy/emmiox-academy/vendor/laravel/framework/src/Illuminate/Pipeline/Pipeline.php(209): Illuminate/Routing/Middleware/SubstituteBindings->handle(Object(Illuminate/Http/Request), Object(Closure))
#31 D:/projects/emmiox-academy/emmiox-academy/vendor/laravel/framework/src/Illuminate/Foundation/Http/Middleware/VerifyCsrfToken.php(88): Illuminate/Pipeline/Pipeline->Illuminate/Pipeline/{closure}(Object(Illuminate/Http/Request))
#32 D:/projects/emmiox-academy/emmiox-academy/vendor/laravel/framework/src/Illuminate/Pipeline/Pipeline.php(209): Illuminate/Foundation/Http/Middleware/VerifyCsrfToken->handle(Object(Illuminate/Http/Request), Object(Closure))
#33 D:/projects/emmiox-academy/emmiox-academy/vendor/laravel/framework/src/Illuminate/View/Middleware/ShareErrorsFromSession.php(49): Illuminate/Pipeline/Pipeline->Illuminate/Pipeline/{closure}(Object(Illuminate/Http/Request))
#34 D:/projects/emmiox-academy/emmiox-academy/vendor/laravel/framework/src/Illuminate/Pipeline/Pipeline.php(209): Illuminate/View/Middleware/ShareErrorsFromSession->handle(Object(Illuminate/Http/Request), Object(Closure))
#35 D:/projects/emmiox-academy/emmiox-academy/vendor/laravel/framework/src/Illuminate/Session/Middleware/StartSession.php(121): Illuminate/Pipeline/Pipeline->Illuminate/Pipeline/{closure}(Object(Illuminate/Http/Request))
#36 D:/projects/emmiox-academy/emmiox-academy/vendor/laravel/framework/src/Illuminate/Session/Middleware/StartSession.php(64): Illuminate/Session/Middleware/StartSession->handleStatefulRequest(Object(Illuminate/Http/Request), Object(Illuminate/Session/Store), Object(Closure))
#37 D:/projects/emmiox-academy/emmiox-academy/vendor/laravel/framework/src/Illuminate/Pipeline/Pipeline.php(209): Illuminate/Session/Middleware/StartSession->handle(Object(Illuminate/Http/Request), Object(Closure))
#38 D:/projects/emmiox-academy/emmiox-academy/vendor/laravel/framework/src/Illuminate/Cookie/Middleware/AddQueuedCookiesToResponse.php(37): Illuminate/Pipeline/Pipeline->Illuminate/Pipeline/{closure}(Object(Illuminate/Http/Request))
#39 D:/projects/emmiox-academy/emmiox-academy/vendor/laravel/framework/src/Illuminate/Pipeline/Pipeline.php(209): Illuminate/Cookie/Middleware/AddQueuedCookiesToResponse->handle(Object(Illuminate/Http/Request), Object(Closure))
#40 D:/projects/emmiox-academy/emmiox-academy/vendor/laravel/framework/src/Illuminate/Cookie/Middleware/EncryptCookies.php(75): Illuminate/Pipeline/Pipeline->Illuminate/Pipeline/{closure}(Object(Illuminate/Http/Request))
#41 D:/projects/emmiox-academy/emmiox-academy/vendor/laravel/framework/src/Illuminate/Pipeline/Pipeline.php(209): Illuminate/Cookie/Middleware/EncryptCookies->handle(Object(Illuminate/Http/Request), Object(Closure))
#42 D:/projects/emmiox-academy/emmiox-academy/vendor/laravel/framework/src/Illuminate/Pipeline/Pipeline.php(127): Illuminate/Pipeline/Pipeline->Illuminate/Pipeline/{closure}(Object(Illuminate/Http/Request))
#43 D:/projects/emmiox-academy/emmiox-academy/vendor/laravel/framework/src/Illuminate/Routing/Router.php(807): Illuminate/Pipeline/Pipeline->then(Object(Closure))
#44 D:/projects/emmiox-academy/emmiox-academy/vendor/laravel/framework/src/Illuminate/Routing/Router.php(786): Illuminate/Routing/Router->runRouteWithinStack(Object(Illuminate/Routing/Route), Object(Illuminate/Http/Request))
#45 D:/projects/emmiox-academy/emmiox-academy/vendor/laravel/framework/src/Illuminate/Routing/Router.php(750): Illuminate/Routing/Router->runRoute(Object(Illuminate/Http/Request), Object(Illuminate/Routing/Route))
#46 D:/projects/emmiox-academy/emmiox-academy/vendor/laravel/framework/src/Illuminate/Routing/Router.php(739): Illuminate/Routing/Router->dispatchToRoute(Object(Illuminate/Http/Request))
#47 D:/projects/emmiox-academy/emmiox-academy/vendor/laravel/framework/src/Illuminate/Foundation/Http/Kernel.php(201): Illuminate/Routing/Router->dispatch(Object(Illuminate/Http/Request))
#48 D:/projects/emmiox-academy/emmiox-academy/vendor/laravel/framework/src/Illuminate/Pipeline/Pipeline.php(170): Illuminate/Foundation/Http/Kernel->Illuminate/Foundation/Http/{closure}(Object(Illuminate/Http/Request))
#49 D:/projects/emmiox-academy/emmiox-academy/vendor/laravel/framework/src/Illuminate/Foundation/Http/Middleware/TransformsRequest.php(21): Illuminate/Pipeline/Pipeline->Illuminate/Pipeline/{closure}(Object(Illuminate/Http/Request))
#50 D:/projects/emmiox-academy/emmiox-academy/vendor/laravel/framework/src/Illuminate/Foundation/Http/Middleware/ConvertEmptyStringsToNull.php(31): Illuminate/Foundation/Http/Middleware/TransformsRequest->handle(Object(Illuminate/Http/Request), Object(Closure))
#51 D:/projects/emmiox-academy/emmiox-academy/vendor/laravel/framework/src/Illuminate/Pipeline/Pipeline.php(209): Illuminate/Foundation/Http/Middleware/ConvertEmptyStringsToNull->handle(Object(Illuminate/Http/Request), Object(Closure))
#52 D:/projects/emmiox-academy/emmiox-academy/vendor/laravel/framework/src/Illuminate/Foundation/Http/Middleware/TransformsRequest.php(21): Illuminate/Pipeline/Pipeline->Illuminate/Pipeline/{closure}(Object(Illuminate/Http/Request))
#53 D:/projects/emmiox-academy/emmiox-academy/vendor/laravel/framework/src/Illuminate/Foundation/Http/Middleware/TrimStrings.php(51): Illuminate/Foundation/Http/Middleware/TransformsRequest->handle(Object(Illuminate/Http/Request), Object(Closure))
#54 D:/projects/emmiox-academy/emmiox-academy/vendor/laravel/framework/src/Illuminate/Pipeline/Pipeline.php(209): Illuminate/Foundation/Http/Middleware/TrimStrings->handle(Object(Illuminate/Http/Request), Object(Closure))
#55 D:/projects/emmiox-academy/emmiox-academy/vendor/laravel/framework/src/Illuminate/Http/Middleware/ValidatePostSize.php(27): Illuminate/Pipeline/Pipeline->Illuminate/Pipeline/{closure}(Object(Illuminate/Http/Request))
#56 D:/projects/emmiox-academy/emmiox-academy/vendor/laravel/framework/src/Illuminate/Pipeline/Pipeline.php(209): Illuminate/Http/Middleware/ValidatePostSize->handle(Object(Illuminate/Http/Request), Object(Closure))
#57 D:/projects/emmiox-academy/emmiox-academy/vendor/laravel/framework/src/Illuminate/Foundation/Http/Middleware/PreventRequestsDuringMaintenance.php(110): Illuminate/Pipeline/Pipeline->Illuminate/Pipeline/{closure}(Object(Illuminate/Http/Request))
#58 D:/projects/emmiox-academy/emmiox-academy/vendor/laravel/framework/src/Illuminate/Pipeline/Pipeline.php(209): Illuminate/Foundation/Http/Middleware/PreventRequestsDuringMaintenance->handle(Object(Illuminate/Http/Request), Object(Closure))
#59 D:/projects/emmiox-academy/emmiox-academy/vendor/laravel/framework/src/Illuminate/Http/Middleware/HandleCors.php(49): Illuminate/Pipeline/Pipeline->Illuminate/Pipeline/{closure}(Object(Illuminate/Http/Request))
#60 D:/projects/emmiox-academy/emmiox-academy/vendor/laravel/framework/src/Illuminate/Pipeline/Pipeline.php(209): Illuminate/Http/Middleware/HandleCors->handle(Object(Illuminate/Http/Request), Object(Closure))
#61 D:/projects/emmiox-academy/emmiox-academy/vendor/laravel/framework/src/Illuminate/Http/Middleware/TrustProxies.php(58): Illuminate/Pipeline/Pipeline->Illuminate/Pipeline/{closure}(Object(Illuminate/Http/Request))
#62 D:/projects/emmiox-academy/emmiox-academy/vendor/laravel/framework/src/Illuminate/Pipeline/Pipeline.php(209): Illuminate/Http/Middleware/TrustProxies->handle(Object(Illuminate/Http/Request), Object(Closure))
#63 D:/projects/emmiox-academy/emmiox-academy/vendor/laravel/framework/src/Illuminate/Foundation/Http/Middleware/InvokeDeferredCallbacks.php(22): Illuminate/Pipeline/Pipeline->Illuminate/Pipeline/{closure}(Object(Illuminate/Http/Request))
#64 D:/projects/emmiox-academy/emmiox-academy/vendor/laravel/framework/src/Illuminate/Pipeline/Pipeline.php(209): Illuminate/Foundation/Http/Middleware/InvokeDeferredCallbacks->handle(Object(Illuminate/Http/Request), Object(Closure))
#65 D:/projects/emmiox-academy/emmiox-academy/vendor/laravel/framework/src/Illuminate/Pipeline/Pipeline.php(127): Illuminate/Pipeline/Pipeline->Illuminate/Pipeline/{closure}(Object(Illuminate/Http/Request))
#66 D:/projects/emmiox-academy/emmiox-academy/vendor/laravel/framework/src/Illuminate/Foundation/Http/Kernel.php(176): Illuminate/Pipeline/Pipeline->then(Object(Closure))
#67 D:/projects/emmiox-academy/emmiox-academy/vendor/laravel/framework/src/Illuminate/Foundation/Http/Kernel.php(145): Illuminate/Foundation/Http/Kernel->sendRequestThroughRouter(Object(Illuminate/Http/Request))
#68 D:/projects/emmiox-academy/emmiox-academy/vendor/laravel/framework/src/Illuminate/Foundation/Application.php(1220): Illuminate/Foundation/Http/Kernel->handle(Object(Illuminate/Http/Request))
#69 D:/projects/emmiox-academy/emmiox-academy/public/index.php(17): Illuminate/Foundation/Application->handleRequest(Object(Illuminate/Http/Request))
#70 D:/projects/emmiox-academy/emmiox-academy/vendor/laravel/framework/src/Illuminate/Foundation/resources/server.php(23): require_once('D://projects//emm...')
#71 {main}

[previous exception] [object] (Illuminate\\Foundation\\ViteManifestNotFoundException(code: 0): Vite manifest not found at: D:\\projects\\emmiox-academy\\emmiox-academy\\public\\build/manifest.json at D:/projects/emmiox-academy/emmiox-academy/vendor/laravel/framework/src/Illuminate/Foundation/Vite.php:934)
[stacktrace]
#0 D:/projects/emmiox-academy/emmiox-academy/vendor/laravel/framework/src/Illuminate/Foundation/Vite.php(384): Illuminate/Foundation/Vite->manifest('build')
#1 D:/projects/emmiox-academy/emmiox-academy/storage/framework/views/81a7c3e32b2ba3eefd75017703d188f4.php(10): Illuminate/Foundation/Vite->__invoke(Object(Illuminate/Support/Collection))
#2 D:/projects/emmiox-academy/emmiox-academy/vendor/laravel/framework/src/Illuminate/Filesystem/Filesystem.php(123): require('D://projects//emm...')
#3 D:/projects/emmiox-academy/emmiox-academy/vendor/laravel/framework/src/Illuminate/Filesystem/Filesystem.php(124): Illuminate/Filesystem/Filesystem::Illuminate/Filesystem/{closure}()
#4 D:/projects/emmiox-academy/emmiox-academy/vendor/laravel/framework/src/Illuminate/View/Engines/PhpEngine.php(58): Illuminate/Filesystem/Filesystem->getRequire('D://projects//emm...', Array)
#5 D:/projects/emmiox-academy/emmiox-academy/vendor/laravel/framework/src/Illuminate/View/Engines/CompilerEngine.php(75): Illuminate/View/Engines/PhpEngine->evaluatePath('D://projects//emm...', Array)
#6 D:/projects/emmiox-academy/emmiox-academy/vendor/laravel/framework/src/Illuminate/View/View.php(209): Illuminate/View/Engines/CompilerEngine->get('D://projects//emm...', Array)
#7 D:/projects/emmiox-academy/emmiox-academy/vendor/laravel/framework/src/Illuminate/View/View.php(192): Illuminate/View/View->getContents()
#8 D:/projects/emmiox-academy/emmiox-academy/vendor/laravel/framework/src/Illuminate/View/View.php(161): Illuminate/View/View->renderContents()
#9 D:/projects/emmiox-academy/emmiox-academy/vendor/laravel/framework/src/Illuminate/View/Concerns/ManagesComponents.php(103): Illuminate/View/View->render()
#10 D:/projects/emmiox-academy/emmiox-academy/storage/framework/views/98ac23a0241b0de7dd2cdc6ffde20945.php(85): Illuminate/View/Factory->renderComponent()
#11 D:/projects/emmiox-academy/emmiox-academy/vendor/laravel/framework/src/Illuminate/Filesystem/Filesystem.php(123): require('D://projects//emm...')
#12 D:/projects/emmiox-academy/emmiox-academy/vendor/laravel/framework/src/Illuminate/Filesystem/Filesystem.php(124): Illuminate/Filesystem/Filesystem::Illuminate/Filesystem/{closure}()
#13 D:/projects/emmiox-academy/emmiox-academy/vendor/laravel/framework/src/Illuminate/View/Engines/PhpEngine.php(58): Illuminate/Filesystem/Filesystem->getRequire('D://projects//emm...', Array)
#14 D:/projects/emmiox-academy/emmiox-academy/vendor/laravel/framework/src/Illuminate/View/Engines/CompilerEngine.php(75): Illuminate/View/Engines/PhpEngine->evaluatePath('D://projects//emm...', Array)
#15 D:/projects/emmiox-academy/emmiox-academy/vendor/laravel/framework/src/Illuminate/View/View.php(209): Illuminate/View/Engines/CompilerEngine->get('D://projects//emm...', Array)
#16 D:/projects/emmiox-academy/emmiox-academy/vendor/laravel/framework/src/Illuminate/View/View.php(192): Illuminate/View/View->getContents()
#17 D:/projects/emmiox-academy/emmiox-academy/vendor/laravel/framework/src/Illuminate/View/View.php(161): Illuminate/View/View->renderContents()
#18 D:/projects/emmiox-academy/emmiox-academy/vendor/laravel/framework/src/Illuminate/View/Concerns/ManagesComponents.php(103): Illuminate/View/View->render()
#19 D:/projects/emmiox-academy/emmiox-academy/storage/framework/views/3515cf900323f1cf5414c739757f9c43.php(209): Illuminate/View/Factory->renderComponent()
#20 D:/projects/emmiox-academy/emmiox-academy/vendor/laravel/framework/src/Illuminate/Filesystem/Filesystem.php(123): require('D://projects//emm...')
#21 D:/projects/emmiox-academy/emmiox-academy/vendor/laravel/framework/src/Illuminate/Filesystem/Filesystem.php(124): Illuminate/Filesystem/Filesystem::Illuminate/Filesystem/{closure}()
#22 D:/projects/emmiox-academy/emmiox-academy/vendor/laravel/framework/src/Illuminate/View/Engines/PhpEngine.php(58): Illuminate/Filesystem/Filesystem->getRequire('D://projects//emm...', Array)
#23 D:/projects/emmiox-academy/emmiox-academy/vendor/laravel/framework/src/Illuminate/View/Engines/CompilerEngine.php(75): Illuminate/View/Engines/PhpEngine->evaluatePath('D://projects//emm...', Array)
#24 D:/projects/emmiox-academy/emmiox-academy/vendor/laravel/framework/src/Illuminate/View/View.php(209): Illuminate/View/Engines/CompilerEngine->get('D://projects//emm...', Array)
#25 D:/projects/emmiox-academy/emmiox-academy/vendor/laravel/framework/src/Illuminate/View/View.php(192): Illuminate/View/View->getContents()
#26 D:/projects/emmiox-academy/emmiox-academy/vendor/laravel/framework/src/Illuminate/View/View.php(161): Illuminate/View/View->renderContents()
#27 D:/projects/emmiox-academy/emmiox-academy/vendor/laravel/framework/src/Illuminate/Http/Response.php(79): Illuminate/View/View->render()
#28 D:/projects/emmiox-academy/emmiox-academy/vendor/laravel/framework/src/Illuminate/Http/Response.php(35): Illuminate/Http/Response->setContent(Object(Illuminate/View/View))
#29 D:/projects/emmiox-academy/emmiox-academy/vendor/laravel/framework/src/Illuminate/Routing/Router.php(920): Illuminate/Http/Response->__construct(Object(Illuminate/View/View), 200, Array)
#30 D:/projects/emmiox-academy/emmiox-academy/vendor/laravel/framework/src/Illuminate/Routing/Router.php(887): Illuminate/Routing/Router::toResponse(Object(Illuminate/Http/Request), Object(Illuminate/View/View))
#31 D:/projects/emmiox-academy/emmiox-academy/vendor/laravel/framework/src/Illuminate/Routing/Router.php(807): Illuminate/Routing/Router->prepareResponse(Object(Illuminate/Http/Request), Object(Illuminate/View/View))
#32 D:/projects/emmiox-academy/emmiox-academy/vendor/laravel/framework/src/Illuminate/Pipeline/Pipeline.php(170): Illuminate/Routing/Router->Illuminate/Routing/{closure}(Object(Illuminate/Http/Request))
#33 D:/projects/emmiox-academy/emmiox-academy/vendor/laravel/framework/src/Illuminate/Routing/Middleware/SubstituteBindings.php(51): Illuminate/Pipeline/Pipeline->Illuminate/Pipeline/{closure}(Object(Illuminate/Http/Request))
#34 D:/projects/emmiox-academy/emmiox-academy/vendor/laravel/framework/src/Illuminate/Pipeline/Pipeline.php(209): Illuminate/Routing/Middleware/SubstituteBindings->handle(Object(Illuminate/Http/Request), Object(Closure))
#35 D:/projects/emmiox-academy/emmiox-academy/vendor/laravel/framework/src/Illuminate/Foundation/Http/Middleware/VerifyCsrfToken.php(88): Illuminate/Pipeline/Pipeline->Illuminate/Pipeline/{closure}(Object(Illuminate/Http/Request))
#36 D:/projects/emmiox-academy/emmiox-academy/vendor/laravel/framework/src/Illuminate/Pipeline/Pipeline.php(209): Illuminate/Foundation/Http/Middleware/VerifyCsrfToken->handle(Object(Illuminate/Http/Request), Object(Closure))
#37 D:/projects/emmiox-academy/emmiox-academy/vendor/laravel/framework/src/Illuminate/View/Middleware/ShareErrorsFromSession.php(49): Illuminate/Pipeline/Pipeline->Illuminate/Pipeline/{closure}(Object(Illuminate/Http/Request))
#38 D:/projects/emmiox-academy/emmiox-academy/vendor/laravel/framework/src/Illuminate/Pipeline/Pipeline.php(209): Illuminate/View/Middleware/ShareErrorsFromSession->handle(Object(Illuminate/Http/Request), Object(Closure))
#39 D:/projects/emmiox-academy/emmiox-academy/vendor/laravel/framework/src/Illuminate/Session/Middleware/StartSession.php(121): Illuminate/Pipeline/Pipeline->Illuminate/Pipeline/{closure}(Object(Illuminate/Http/Request))
#40 D:/projects/emmiox-academy/emmiox-academy/vendor/laravel/framework/src/Illuminate/Session/Middleware/StartSession.php(64): Illuminate/Session/Middleware/StartSession->handleStatefulRequest(Object(Illuminate/Http/Request), Object(Illuminate/Session/Store), Object(Closure))
#41 D:/projects/emmiox-academy/emmiox-academy/vendor/laravel/framework/src/Illuminate/Pipeline/Pipeline.php(209): Illuminate/Session/Middleware/StartSession->handle(Object(Illuminate/Http/Request), Object(Closure))
#42 D:/projects/emmiox-academy/emmiox-academy/vendor/laravel/framework/src/Illuminate/Cookie/Middleware/AddQueuedCookiesToResponse.php(37): Illuminate/Pipeline/Pipeline->Illuminate/Pipeline/{closure}(Object(Illuminate/Http/Request))
#43 D:/projects/emmiox-academy/emmiox-academy/vendor/laravel/framework/src/Illuminate/Pipeline/Pipeline.php(209): Illuminate/Cookie/Middleware/AddQueuedCookiesToResponse->handle(Object(Illuminate/Http/Request), Object(Closure))
#44 D:/projects/emmiox-academy/emmiox-academy/vendor/laravel/framework/src/Illuminate/Cookie/Middleware/EncryptCookies.php(75): Illuminate/Pipeline/Pipeline->Illuminate/Pipeline/{closure}(Object(Illuminate/Http/Request))
#45 D:/projects/emmiox-academy/emmiox-academy/vendor/laravel/framework/src/Illuminate/Pipeline/Pipeline.php(209): Illuminate/Cookie/Middleware/EncryptCookies->handle(Object(Illuminate/Http/Request), Object(Closure))
#46 D:/projects/emmiox-academy/emmiox-academy/vendor/laravel/framework/src/Illuminate/Pipeline/Pipeline.php(127): Illuminate/Pipeline/Pipeline->Illuminate/Pipeline/{closure}(Object(Illuminate/Http/Request))
#47 D:/projects/emmiox-academy/emmiox-academy/vendor/laravel/framework/src/Illuminate/Routing/Router.php(807): Illuminate/Pipeline/Pipeline->then(Object(Closure))
#48 D:/projects/emmiox-academy/emmiox-academy/vendor/laravel/framework/src/Illuminate/Routing/Router.php(786): Illuminate/Routing/Router->runRouteWithinStack(Object(Illuminate/Routing/Route), Object(Illuminate/Http/Request))
#49 D:/projects/emmiox-academy/emmiox-academy/vendor/laravel/framework/src/Illuminate/Routing/Router.php(750): Illuminate/Routing/Router->runRoute(Object(Illuminate/Http/Request), Object(Illuminate/Routing/Route))
#50 D:/projects/emmiox-academy/emmiox-academy/vendor/laravel/framework/src/Illuminate/Routing/Router.php(739): Illuminate/Routing/Router->dispatchToRoute(Object(Illuminate/Http/Request))
#51 D:/projects/emmiox-academy/emmiox-academy/vendor/laravel/framework/src/Illuminate/Foundation/Http/Kernel.php(201): Illuminate/Routing/Router->dispatch(Object(Illuminate/Http/Request))
#52 D:/projects/emmiox-academy/emmiox-academy/vendor/laravel/framework/src/Illuminate/Pipeline/Pipeline.php(170): Illuminate/Foundation/Http/Kernel->Illuminate/Foundation/Http/{closure}(Object(Illuminate/Http/Request))
#53 D:/projects/emmiox-academy/emmiox-academy/vendor/laravel/framework/src/Illuminate/Foundation/Http/Middleware/TransformsRequest.php(21): Illuminate/Pipeline/Pipeline->Illuminate/Pipeline/{closure}(Object(Illuminate/Http/Request))
#54 D:/projects/emmiox-academy/emmiox-academy/vendor/laravel/framework/src/Illuminate/Foundation/Http/Middleware/ConvertEmptyStringsToNull.php(31): Illuminate/Foundation/Http/Middleware/TransformsRequest->handle(Object(Illuminate/Http/Request), Object(Closure))
#55 D:/projects/emmiox-academy/emmiox-academy/vendor/laravel/framework/src/Illuminate/Pipeline/Pipeline.php(209): Illuminate/Foundation/Http/Middleware/ConvertEmptyStringsToNull->handle(Object(Illuminate/Http/Request), Object(Closure))
#56 D:/projects/emmiox-academy/emmiox-academy/vendor/laravel/framework/src/Illuminate/Foundation/Http/Middleware/TransformsRequest.php(21): Illuminate/Pipeline/Pipeline->Illuminate/Pipeline/{closure}(Object(Illuminate/Http/Request))
#57 D:/projects/emmiox-academy/emmiox-academy/vendor/laravel/framework/src/Illuminate/Foundation/Http/Middleware/TrimStrings.php(51): Illuminate/Foundation/Http/Middleware/TransformsRequest->handle(Object(Illuminate/Http/Request), Object(Closure))
#58 D:/projects/emmiox-academy/emmiox-academy/vendor/laravel/framework/src/Illuminate/Pipeline/Pipeline.php(209): Illuminate/Foundation/Http/Middleware/TrimStrings->handle(Object(Illuminate/Http/Request), Object(Closure))
#59 D:/projects/emmiox-academy/emmiox-academy/vendor/laravel/framework/src/Illuminate/Http/Middleware/ValidatePostSize.php(27): Illuminate/Pipeline/Pipeline->Illuminate/Pipeline/{closure}(Object(Illuminate/Http/Request))
#60 D:/projects/emmiox-academy/emmiox-academy/vendor/laravel/framework/src/Illuminate/Pipeline/Pipeline.php(209): Illuminate/Http/Middleware/ValidatePostSize->handle(Object(Illuminate/Http/Request), Object(Closure))
#61 D:/projects/emmiox-academy/emmiox-academy/vendor/laravel/framework/src/Illuminate/Foundation/Http/Middleware/PreventRequestsDuringMaintenance.php(110): Illuminate/Pipeline/Pipeline->Illuminate/Pipeline/{closure}(Object(Illuminate/Http/Request))
#62 D:/projects/emmiox-academy/emmiox-academy/vendor/laravel/framework/src/Illuminate/Pipeline/Pipeline.php(209): Illuminate/Foundation/Http/Middleware/PreventRequestsDuringMaintenance->handle(Object(Illuminate/Http/Request), Object(Closure))
#63 D:/projects/emmiox-academy/emmiox-academy/vendor/laravel/framework/src/Illuminate/Http/Middleware/HandleCors.php(49): Illuminate/Pipeline/Pipeline->Illuminate/Pipeline/{closure}(Object(Illuminate/Http/Request))
#64 D:/projects/emmiox-academy/emmiox-academy/vendor/laravel/framework/src/Illuminate/Pipeline/Pipeline.php(209): Illuminate/Http/Middleware/HandleCors->handle(Object(Illuminate/Http/Request), Object(Closure))
#65 D:/projects/emmiox-academy/emmiox-academy/vendor/laravel/framework/src/Illuminate/Http/Middleware/TrustProxies.php(58): Illuminate/Pipeline/Pipeline->Illuminate/Pipeline/{closure}(Object(Illuminate/Http/Request))
#66 D:/projects/emmiox-academy/emmiox-academy/vendor/laravel/framework/src/Illuminate/Pipeline/Pipeline.php(209): Illuminate/Http/Middleware/TrustProxies->handle(Object(Illuminate/Http/Request), Object(Closure))
#67 D:/projects/emmiox-academy/emmiox-academy/vendor/laravel/framework/src/Illuminate/Foundation/Http/Middleware/InvokeDeferredCallbacks.php(22): Illuminate/Pipeline/Pipeline->Illuminate/Pipeline/{closure}(Object(Illuminate/Http/Request))
#68 D:/projects/emmiox-academy/emmiox-academy/vendor/laravel/framework/src/Illuminate/Pipeline/Pipeline.php(209): Illuminate/Foundation/Http/Middleware/InvokeDeferredCallbacks->handle(Object(Illuminate/Http/Request), Object(Closure))
#69 D:/projects/emmiox-academy/emmiox-academy/vendor/laravel/framework/src/Illuminate/Pipeline/Pipeline.php(127): Illuminate/Pipeline/Pipeline->Illuminate/Pipeline/{closure}(Object(Illuminate/Http/Request))
#70 D:/projects/emmiox-academy/emmiox-academy/vendor/laravel/framework/src/Illuminate/Foundation/Http/Kernel.php(176): Illuminate/Pipeline/Pipeline->then(Object(Closure))
#71 D:/projects/emmiox-academy/emmiox-academy/vendor/laravel/framework/src/Illuminate/Foundation/Http/Kernel.php(145): Illuminate/Foundation/Http/Kernel->sendRequestThroughRouter(Object(Illuminate/Http/Request))
#72 D:/projects/emmiox-academy/emmiox-academy/vendor/laravel/framework/src/Illuminate/Foundation/Application.php(1220): Illuminate/Foundation/Http/Kernel->handle(Object(Illuminate/Http/Request))
#73 D:/projects/emmiox-academy/emmiox-academy/public/index.php(17): Illuminate/Foundation/Application->handleRequest(Object(Illuminate/Http/Request))
#74 D:/projects/emmiox-academy/emmiox-academy/vendor/laravel/framework/src/Illuminate/Foundation/resources/server.php(23): require_once('D://projects//emm...')
#75 {main}
"} 
[2026-08-22 09:38:55] local.ERROR: Vite manifest not found at: D:\projects\emmiox-academy\emmiox-academy\public\build/manifest.json (View: D:\projects\emmiox-academy\emmiox-academy\resources\views\components\layouts\app.blade.php) (View: D:\projects\emmiox-academy\emmiox-academy\resources\views\components\layouts\app.blade.php) (View: D:\projects\emmiox-academy\emmiox-academy\resources\views\components\layouts\app.blade.php) {"exception":"[object] (Illuminate\\View\\ViewException(code: 0): Vite manifest not found at: D:\\projects\\emmiox-academy\\emmiox-academy\\public\\build/manifest.json (View: D:\\projects\\emmiox-academy\\emmiox-academy\\resources\\views\\components\\layouts\\app.blade.php) (View: D:\\projects\\emmiox-academy\\emmiox-academy\\resources\\views\\components\\layouts\\app.blade.php) (View: D:\\projects\\emmiox-academy\\emmiox-academy\\resources\\views\\components\\layouts\\app.blade.php) at D:/projects/emmiox-academy/emmiox-academy/vendor/laravel/framework/src/Illuminate/Foundation/Vite.php:934)
[stacktrace]
#0 D:/projects/emmiox-academy/emmiox-academy/vendor/laravel/framework/src/Illuminate/View/Engines/PhpEngine.php(60): Illuminate/View/Engines/CompilerEngine->handleViewException(Object(Illuminate/View/ViewException), 1)
#1 D:/projects/emmiox-academy/emmiox-academy/vendor/laravel/framework/src/Illuminate/View/Engines/CompilerEngine.php(75): Illuminate/View/Engines/PhpEngine->evaluatePath('D://projects//emm...', Array)
#2 D:/projects/emmiox-academy/emmiox-academy/vendor/laravel/framework/src/Illuminate/View/View.php(209): Illuminate/View/Engines/CompilerEngine->get('D://projects//emm...', Array)
#3 D:/projects/emmiox-academy/emmiox-academy/vendor/laravel/framework/src/Illuminate/View/View.php(192): Illuminate/View/View->getContents()
#4 D:/projects/emmiox-academy/emmiox-academy/vendor/laravel/framework/src/Illuminate/View/View.php(161): Illuminate/View/View->renderContents()
#5 D:/projects/emmiox-academy/emmiox-academy/vendor/laravel/framework/src/Illuminate/Http/Response.php(79): Illuminate/View/View->render()
#6 D:/projects/emmiox-academy/emmiox-academy/vendor/laravel/framework/src/Illuminate/Http/Response.php(35): Illuminate/Http/Response->setContent(Object(Illuminate/View/View))
#7 D:/projects/emmiox-academy/emmiox-academy/vendor/laravel/framework/src/Illuminate/Routing/Router.php(920): Illuminate/Http/Response->__construct(Object(Illuminate/View/View), 200, Array)
#8 D:/projects/emmiox-academy/emmiox-academy/vendor/laravel/framework/src/Illuminate/Routing/Router.php(887): Illuminate/Routing/Router::toResponse(Object(Illuminate/Http/Request), Object(Illuminate/View/View))
#9 D:/projects/emmiox-academy/emmiox-academy/vendor/laravel/framework/src/Illuminate/Routing/Router.php(807): Illuminate/Routing/Router->prepareResponse(Object(Illuminate/Http/Request), Object(Illuminate/View/View))
#10 D:/projects/emmiox-academy/emmiox-academy/vendor/laravel/framework/src/Illuminate/Pipeline/Pipeline.php(170): Illuminate/Routing/Router->Illuminate/Routing/{closure}(Object(Illuminate/Http/Request))
#11 D:/projects/emmiox-academy/emmiox-academy/vendor/laravel/framework/src/Illuminate/Routing/Middleware/SubstituteBindings.php(51): Illuminate/Pipeline/Pipeline->Illuminate/Pipeline/{closure}(Object(Illuminate/Http/Request))
#12 D:/projects/emmiox-academy/emmiox-academy/vendor/laravel/framework/src/Illuminate/Pipeline/Pipeline.php(209): Illuminate/Routing/Middleware/SubstituteBindings->handle(Object(Illuminate/Http/Request), Object(Closure))
#13 D:/projects/emmiox-academy/emmiox-academy/vendor/laravel/framework/src/Illuminate/Foundation/Http/Middleware/VerifyCsrfToken.php(88): Illuminate/Pipeline/Pipeline->Illuminate/Pipeline/{closure}(Object(Illuminate/Http/Request))
#14 D:/projects/emmiox-academy/emmiox-academy/vendor/laravel/framework/src/Illuminate/Pipeline/Pipeline.php(209): Illuminate/Foundation/Http/Middleware/VerifyCsrfToken->handle(Object(Illuminate/Http/Request), Object(Closure))
#15 D:/projects/emmiox-academy/emmiox-academy/vendor/laravel/framework/src/Illuminate/View/Middleware/ShareErrorsFromSession.php(49): Illuminate/Pipeline/Pipeline->Illuminate/Pipeline/{closure}(Object(Illuminate/Http/Request))
#16 D:/projects/emmiox-academy/emmiox-academy/vendor/laravel/framework/src/Illuminate/Pipeline/Pipeline.php(209): Illuminate/View/Middleware/ShareErrorsFromSession->handle(Object(Illuminate/Http/Request), Object(Closure))
#17 D:/projects/emmiox-academy/emmiox-academy/vendor/laravel/framework/src/Illuminate/Session/Middleware/StartSession.php(121): Illuminate/Pipeline/Pipeline->Illuminate/Pipeline/{closure}(Object(Illuminate/Http/Request))
#18 D:/projects/emmiox-academy/emmiox-academy/vendor/laravel/framework/src/Illuminate/Session/Middleware/StartSession.php(64): Illuminate/Session/Middleware/StartSession->handleStatefulRequest(Object(Illuminate/Http/Request), Object(Illuminate/Session/Store), Object(Closure))
#19 D:/projects/emmiox-academy/emmiox-academy/vendor/laravel/framework/src/Illuminate/Pipeline/Pipeline.php(209): Illuminate/Session/Middleware/StartSession->handle(Object(Illuminate/Http/Request), Object(Closure))
#20 D:/projects/emmiox-academy/emmiox-academy/vendor/laravel/framework/src/Illuminate/Cookie/Middleware/AddQueuedCookiesToResponse.php(37): Illuminate/Pipeline/Pipeline->Illuminate/Pipeline/{closure}(Object(Illuminate/Http/Request))
#21 D:/projects/emmiox-academy/emmiox-academy/vendor/laravel/framework/src/Illuminate/Pipeline/Pipeline.php(209): Illuminate/Cookie/Middleware/AddQueuedCookiesToResponse->handle(Object(Illuminate/Http/Request), Object(Closure))
#22 D:/projects/emmiox-academy/emmiox-academy/vendor/laravel/framework/src/Illuminate/Cookie/Middleware/EncryptCookies.php(75): Illuminate/Pipeline/Pipeline->Illuminate/Pipeline/{closure}(Object(Illuminate/Http/Request))
#23 D:/projects/emmiox-academy/emmiox-academy/vendor/laravel/framework/src/Illuminate/Pipeline/Pipeline.php(209): Illuminate/Cookie/Middleware/EncryptCookies->handle(Object(Illuminate/Http/Request), Object(Closure))
#24 D:/projects/emmiox-academy/emmiox-academy/vendor/laravel/framework/src/Illuminate/Pipeline/Pipeline.php(127): Illuminate/Pipeline/Pipeline->Illuminate/Pipeline/{closure}(Object(Illuminate/Http/Request))
#25 D:/projects/emmiox-academy/emmiox-academy/vendor/laravel/framework/src/Illuminate/Routing/Router.php(807): Illuminate/Pipeline/Pipeline->then(Object(Closure))
#26 D:/projects/emmiox-academy/emmiox-academy/vendor/laravel/framework/src/Illuminate/Routing/Router.php(786): Illuminate/Routing/Router->runRouteWithinStack(Object(Illuminate/Routing/Route), Object(Illuminate/Http/Request))
#27 D:/projects/emmiox-academy/emmiox-academy/vendor/laravel/framework/src/Illuminate/Routing/Router.php(750): Illuminate/Routing/Router->runRoute(Object(Illuminate/Http/Request), Object(Illuminate/Routing/Route))
#28 D:/projects/emmiox-academy/emmiox-academy/vendor/laravel/framework/src/Illuminate/Routing/Router.php(739): Illuminate/Routing/Router->dispatchToRoute(Object(Illuminate/Http/Request))
#29 D:/projects/emmiox-academy/emmiox-academy/vendor/laravel/framework/src/Illuminate/Foundation/Http/Kernel.php(201): Illuminate/Routing/Router->dispatch(Object(Illuminate/Http/Request))
#30 D:/projects/emmiox-academy/emmiox-academy/vendor/laravel/framework/src/Illuminate/Pipeline/Pipeline.php(170): Illuminate/Foundation/Http/Kernel->Illuminate/Foundation/Http/{closure}(Object(Illuminate/Http/Request))
#31 D:/projects/emmiox-academy/emmiox-academy/vendor/laravel/framework/src/Illuminate/Foundation/Http/Middleware/TransformsRequest.php(21): Illuminate/Pipeline/Pipeline->Illuminate/Pipeline/{closure}(Object(Illuminate/Http/Request))
#32 D:/projects/emmiox-academy/emmiox-academy/vendor/laravel/framework/src/Illuminate/Foundation/Http/Middleware/ConvertEmptyStringsToNull.php(31): Illuminate/Foundation/Http/Middleware/TransformsRequest->handle(Object(Illuminate/Http/Request), Object(Closure))
#33 D:/projects/emmiox-academy/emmiox-academy/vendor/laravel/framework/src/Illuminate/Pipeline/Pipeline.php(209): Illuminate/Foundation/Http/Middleware/ConvertEmptyStringsToNull->handle(Object(Illuminate/Http/Request), Object(Closure))
#34 D:/projects/emmiox-academy/emmiox-academy/vendor/laravel/framework/src/Illuminate/Foundation/Http/Middleware/TransformsRequest.php(21): Illuminate/Pipeline/Pipeline->Illuminate/Pipeline/{closure}(Object(Illuminate/Http/Request))
#35 D:/projects/emmiox-academy/emmiox-academy/vendor/laravel/framework/src/Illuminate/Foundation/Http/Middleware/TrimStrings.php(51): Illuminate/Foundation/Http/Middleware/TransformsRequest->handle(Object(Illuminate/Http/Request), Object(Closure))
#36 D:/projects/emmiox-academy/emmiox-academy/vendor/laravel/framework/src/Illuminate/Pipeline/Pipeline.php(209): Illuminate/Foundation/Http/Middleware/TrimStrings->handle(Object(Illuminate/Http/Request), Object(Closure))
#37 D:/projects/emmiox-academy/emmiox-academy/vendor/laravel/framework/src/Illuminate/Http/Middleware/ValidatePostSize.php(27): Illuminate/Pipeline/Pipeline->Illuminate/Pipeline/{closure}(Object(Illuminate/Http/Request))
#38 D:/projects/emmiox-academy/emmiox-academy/vendor/laravel/framework/src/Illuminate/Pipeline/Pipeline.php(209): Illuminate/Http/Middleware/ValidatePostSize->handle(Object(Illuminate/Http/Request), Object(Closure))
#39 D:/projects/emmiox-academy/emmiox-academy/vendor/laravel/framework/src/Illuminate/Foundation/Http/Middleware/PreventRequestsDuringMaintenance.php(110): Illuminate/Pipeline/Pipeline->Illuminate/Pipeline/{closure}(Object(Illuminate/Http/Request))
#40 D:/projects/emmiox-academy/emmiox-academy/vendor/laravel/framework/src/Illuminate/Pipeline/Pipeline.php(209): Illuminate/Foundation/Http/Middleware/PreventRequestsDuringMaintenance->handle(Object(Illuminate/Http/Request), Object(Closure))
#41 D:/projects/emmiox-academy/emmiox-academy/vendor/laravel/framework/src/Illuminate/Http/Middleware/HandleCors.php(49): Illuminate/Pipeline/Pipeline->Illuminate/Pipeline/{closure}(Object(Illuminate/Http/Request))
#42 D:/projects/emmiox-academy/emmiox-academy/vendor/laravel/framework/src/Illuminate/Pipeline/Pipeline.php(209): Illuminate/Http/Middleware/HandleCors->handle(Object(Illuminate/Http/Request), Object(Closure))
#43 D:/projects/emmiox-academy/emmiox-academy/vendor/laravel/framework/src/Illuminate/Http/Middleware/TrustProxies.php(58): Illuminate/Pipeline/Pipeline->Illuminate/Pipeline/{closure}(Object(Illuminate/Http/Request))
#44 D:/projects/emmiox-academy/emmiox-academy/vendor/laravel/framework/src/Illuminate/Pipeline/Pipeline.php(209): Illuminate/Http/Middleware/TrustProxies->handle(Object(Illuminate/Http/Request), Object(Closure))
#45 D:/projects/emmiox-academy/emmiox-academy/vendor/laravel/framework/src/Illuminate/Foundation/Http/Middleware/InvokeDeferredCallbacks.php(22): Illuminate/Pipeline/Pipeline->Illuminate/Pipeline/{closure}(Object(Illuminate/Http/Request))
#46 D:/projects/emmiox-academy/emmiox-academy/vendor/laravel/framework/src/Illuminate/Pipeline/Pipeline.php(209): Illuminate/Foundation/Http/Middleware/InvokeDeferredCallbacks->handle(Object(Illuminate/Http/Request), Object(Closure))
#47 D:/projects/emmiox-academy/emmiox-academy/vendor/laravel/framework/src/Illuminate/Pipeline/Pipeline.php(127): Illuminate/Pipeline/Pipeline->Illuminate/Pipeline/{closure}(Object(Illuminate/Http/Request))
#48 D:/projects/emmiox-academy/emmiox-academy/vendor/laravel/framework/src/Illuminate/Foundation/Http/Kernel.php(176): Illuminate/Pipeline/Pipeline->then(Object(Closure))
#49 D:/projects/emmiox-academy/emmiox-academy/vendor/laravel/framework/src/Illuminate/Foundation/Http/Kernel.php(145): Illuminate/Foundation/Http/Kernel->sendRequestThroughRouter(Object(Illuminate/Http/Request))
#50 D:/projects/emmiox-academy/emmiox-academy/vendor/laravel/framework/src/Illuminate/Foundation/Application.php(1220): Illuminate/Foundation/Http/Kernel->handle(Object(Illuminate/Http/Request))
#51 D:/projects/emmiox-academy/emmiox-academy/public/index.php(17): Illuminate/Foundation/Application->handleRequest(Object(Illuminate/Http/Request))
#52 D:/projects/emmiox-academy/emmiox-academy/vendor/laravel/framework/src/Illuminate/Foundation/resources/server.php(23): require_once('D://projects//emm...')
#53 {main}

[previous exception] [object] (Illuminate\\View\\ViewException(code: 0): Vite manifest not found at: D:\\projects\\emmiox-academy\\emmiox-academy\\public\\build/manifest.json (View: D:\\projects\\emmiox-academy\\emmiox-academy\\resources\\views\\components\\layouts\\app.blade.php) (View: D:\\projects\\emmiox-academy\\emmiox-academy\\resources\\views\\components\\layouts\\app.blade.php) at D:/projects/emmiox-academy/emmiox-academy/vendor/laravel/framework/src/Illuminate/Foundation/Vite.php:934)
[stacktrace]
#0 D:/projects/emmiox-academy/emmiox-academy/vendor/laravel/framework/src/Illuminate/View/Engines/PhpEngine.php(60): Illuminate/View/Engines/CompilerEngine->handleViewException(Object(Illuminate/View/ViewException), 2)
#1 D:/projects/emmiox-academy/emmiox-academy/vendor/laravel/framework/src/Illuminate/View/Engines/CompilerEngine.php(75): Illuminate/View/Engines/PhpEngine->evaluatePath('D://projects//emm...', Array)
#2 D:/projects/emmiox-academy/emmiox-academy/vendor/laravel/framework/src/Illuminate/View/View.php(209): Illuminate/View/Engines/CompilerEngine->get('D://projects//emm...', Array)
#3 D:/projects/emmiox-academy/emmiox-academy/vendor/laravel/framework/src/Illuminate/View/View.php(192): Illuminate/View/View->getContents()
#4 D:/projects/emmiox-academy/emmiox-academy/vendor/laravel/framework/src/Illuminate/View/View.php(161): Illuminate/View/View->renderContents()
#5 D:/projects/emmiox-academy/emmiox-academy/vendor/laravel/framework/src/Illuminate/View/Concerns/ManagesComponents.php(103): Illuminate/View/View->render()
#6 D:/projects/emmiox-academy/emmiox-academy/storage/framework/views/3515cf900323f1cf5414c739757f9c43.php(209): Illuminate/View/Factory->renderComponent()
#7 D:/projects/emmiox-academy/emmiox-academy/vendor/laravel/framework/src/Illuminate/Filesystem/Filesystem.php(123): require('D://projects//emm...')
#8 D:/projects/emmiox-academy/emmiox-academy/vendor/laravel/framework/src/Illuminate/Filesystem/Filesystem.php(124): Illuminate/Filesystem/Filesystem::Illuminate/Filesystem/{closure}()
#9 D:/projects/emmiox-academy/emmiox-academy/vendor/laravel/framework/src/Illuminate/View/Engines/PhpEngine.php(58): Illuminate/Filesystem/Filesystem->getRequire('D://projects//emm...', Array)
#10 D:/projects/emmiox-academy/emmiox-academy/vendor/laravel/framework/src/Illuminate/View/Engines/CompilerEngine.php(75): Illuminate/View/Engines/PhpEngine->evaluatePath('D://projects//emm...', Array)
#11 D:/projects/emmiox-academy/emmiox-academy/vendor/laravel/framework/src/Illuminate/View/View.php(209): Illuminate/View/Engines/CompilerEngine->get('D://projects//emm...', Array)
#12 D:/projects/emmiox-academy/emmiox-academy/vendor/laravel/framework/src/Illuminate/View/View.php(192): Illuminate/View/View->getContents()
#13 D:/projects/emmiox-academy/emmiox-academy/vendor/laravel/framework/src/Illuminate/View/View.php(161): Illuminate/View/View->renderContents()
#14 D:/projects/emmiox-academy/emmiox-academy/vendor/laravel/framework/src/Illuminate/Http/Response.php(79): Illuminate/View/View->render()
#15 D:/projects/emmiox-academy/emmiox-academy/vendor/laravel/framework/src/Illuminate/Http/Response.php(35): Illuminate/Http/Response->setContent(Object(Illuminate/View/View))
#16 D:/projects/emmiox-academy/emmiox-academy/vendor/laravel/framework/src/Illuminate/Routing/Router.php(920): Illuminate/Http/Response->__construct(Object(Illuminate/View/View), 200, Array)
#17 D:/projects/emmiox-academy/emmiox-academy/vendor/laravel/framework/src/Illuminate/Routing/Router.php(887): Illuminate/Routing/Router::toResponse(Object(Illuminate/Http/Request), Object(Illuminate/View/View))
#18 D:/projects/emmiox-academy/emmiox-academy/vendor/laravel/framework/src/Illuminate/Routing/Router.php(807): Illuminate/Routing/Router->prepareResponse(Object(Illuminate/Http/Request), Object(Illuminate/View/View))
#19 D:/projects/emmiox-academy/emmiox-academy/vendor/laravel/framework/src/Illuminate/Pipeline/Pipeline.php(170): Illuminate/Routing/Router->Illuminate/Routing/{closure}(Object(Illuminate/Http/Request))
#20 D:/projects/emmiox-academy/emmiox-academy/vendor/laravel/framework/src/Illuminate/Routing/Middleware/SubstituteBindings.php(51): Illuminate/Pipeline/Pipeline->Illuminate/Pipeline/{closure}(Object(Illuminate/Http/Request))
#21 D:/projects/emmiox-academy/emmiox-academy/vendor/laravel/framework/src/Illuminate/Pipeline/Pipeline.php(209): Illuminate/Routing/Middleware/SubstituteBindings->handle(Object(Illuminate/Http/Request), Object(Closure))
#22 D:/projects/emmiox-academy/emmiox-academy/vendor/laravel/framework/src/Illuminate/Foundation/Http/Middleware/VerifyCsrfToken.php(88): Illuminate/Pipeline/Pipeline->Illuminate/Pipeline/{closure}(Object(Illuminate/Http/Request))
#23 D:/projects/emmiox-academy/emmiox-academy/vendor/laravel/framework/src/Illuminate/Pipeline/Pipeline.php(209): Illuminate/Foundation/Http/Middleware/VerifyCsrfToken->handle(Object(Illuminate/Http/Request), Object(Closure))
#24 D:/projects/emmiox-academy/emmiox-academy/vendor/laravel/framework/src/Illuminate/View/Middleware/ShareErrorsFromSession.php(49): Illuminate/Pipeline/Pipeline->Illuminate/Pipeline/{closure}(Object(Illuminate/Http/Request))
#25 D:/projects/emmiox-academy/emmiox-academy/vendor/laravel/framework/src/Illuminate/Pipeline/Pipeline.php(209): Illuminate/View/Middleware/ShareErrorsFromSession->handle(Object(Illuminate/Http/Request), Object(Closure))
#26 D:/projects/emmiox-academy/emmiox-academy/vendor/laravel/framework/src/Illuminate/Session/Middleware/StartSession.php(121): Illuminate/Pipeline/Pipeline->Illuminate/Pipeline/{closure}(Object(Illuminate/Http/Request))
#27 D:/projects/emmiox-academy/emmiox-academy/vendor/laravel/framework/src/Illuminate/Session/Middleware/StartSession.php(64): Illuminate/Session/Middleware/StartSession->handleStatefulRequest(Object(Illuminate/Http/Request), Object(Illuminate/Session/Store), Object(Closure))
#28 D:/projects/emmiox-academy/emmiox-academy/vendor/laravel/framework/src/Illuminate/Pipeline/Pipeline.php(209): Illuminate/Session/Middleware/StartSession->handle(Object(Illuminate/Http/Request), Object(Closure))
#29 D:/projects/emmiox-academy/emmiox-academy/vendor/laravel/framework/src/Illuminate/Cookie/Middleware/AddQueuedCookiesToResponse.php(37): Illuminate/Pipeline/Pipeline->Illuminate/Pipeline/{closure}(Object(Illuminate/Http/Request))
#30 D:/projects/emmiox-academy/emmiox-academy/vendor/laravel/framework/src/Illuminate/Pipeline/Pipeline.php(209): Illuminate/Cookie/Middleware/AddQueuedCookiesToResponse->handle(Object(Illuminate/Http/Request), Object(Closure))
#31 D:/projects/emmiox-academy/emmiox-academy/vendor/laravel/framework/src/Illuminate/Cookie/Middleware/EncryptCookies.php(75): Illuminate/Pipeline/Pipeline->Illuminate/Pipeline/{closure}(Object(Illuminate/Http/Request))
#32 D:/projects/emmiox-academy/emmiox-academy/vendor/laravel/framework/src/Illuminate/Pipeline/Pipeline.php(209): Illuminate/Cookie/Middleware/EncryptCookies->handle(Object(Illuminate/Http/Request), Object(Closure))
#33 D:/projects/emmiox-academy/emmiox-academy/vendor/laravel/framework/src/Illuminate/Pipeline/Pipeline.php(127): Illuminate/Pipeline/Pipeline->Illuminate/Pipeline/{closure}(Object(Illuminate/Http/Request))
#34 D:/projects/emmiox-academy/emmiox-academy/vendor/laravel/framework/src/Illuminate/Routing/Router.php(807): Illuminate/Pipeline/Pipeline->then(Object(Closure))
#35 D:/projects/emmiox-academy/emmiox-academy/vendor/laravel/framework/src/Illuminate/Routing/Router.php(786): Illuminate/Routing/Router->runRouteWithinStack(Object(Illuminate/Routing/Route), Object(Illuminate/Http/Request))
#36 D:/projects/emmiox-academy/emmiox-academy/vendor/laravel/framework/src/Illuminate/Routing/Router.php(750): Illuminate/Routing/Router->runRoute(Object(Illuminate/Http/Request), Object(Illuminate/Routing/Route))
#37 D:/projects/emmiox-academy/emmiox-academy/vendor/laravel/framework/src/Illuminate/Routing/Router.php(739): Illuminate/Routing/Router->dispatchToRoute(Object(Illuminate/Http/Request))
#38 D:/projects/emmiox-academy/emmiox-academy/vendor/laravel/framework/src/Illuminate/Foundation/Http/Kernel.php(201): Illuminate/Routing/Router->dispatch(Object(Illuminate/Http/Request))
#39 D:/projects/emmiox-academy/emmiox-academy/vendor/laravel/framework/src/Illuminate/Pipeline/Pipeline.php(170): Illuminate/Foundation/Http/Kernel->Illuminate/Foundation/Http/{closure}(Object(Illuminate/Http/Request))
#40 D:/projects/emmiox-academy/emmiox-academy/vendor/laravel/framework/src/Illuminate/Foundation/Http/Middleware/TransformsRequest.php(21): Illuminate/Pipeline/Pipeline->Illuminate/Pipeline/{closure}(Object(Illuminate/Http/Request))
#41 D:/projects/emmiox-academy/emmiox-academy/vendor/laravel/framework/src/Illuminate/Foundation/Http/Middleware/ConvertEmptyStringsToNull.php(31): Illuminate/Foundation/Http/Middleware/TransformsRequest->handle(Object(Illuminate/Http/Request), Object(Closure))
#42 D:/projects/emmiox-academy/emmiox-academy/vendor/laravel/framework/src/Illuminate/Pipeline/Pipeline.php(209): Illuminate/Foundation/Http/Middleware/ConvertEmptyStringsToNull->handle(Object(Illuminate/Http/Request), Object(Closure))
#43 D:/projects/emmiox-academy/emmiox-academy/vendor/laravel/framework/src/Illuminate/Foundation/Http/Middleware/TransformsRequest.php(21): Illuminate/Pipeline/Pipeline->Illuminate/Pipeline/{closure}(Object(Illuminate/Http/Request))
#44 D:/projects/emmiox-academy/emmiox-academy/vendor/laravel/framework/src/Illuminate/Foundation/Http/Middleware/TrimStrings.php(51): Illuminate/Foundation/Http/Middleware/TransformsRequest->handle(Object(Illuminate/Http/Request), Object(Closure))
#45 D:/projects/emmiox-academy/emmiox-academy/vendor/laravel/framework/src/Illuminate/Pipeline/Pipeline.php(209): Illuminate/Foundation/Http/Middleware/TrimStrings->handle(Object(Illuminate/Http/Request), Object(Closure))
#46 D:/projects/emmiox-academy/emmiox-academy/vendor/laravel/framework/src/Illuminate/Http/Middleware/ValidatePostSize.php(27): Illuminate/Pipeline/Pipeline->Illuminate/Pipeline/{closure}(Object(Illuminate/Http/Request))
#47 D:/projects/emmiox-academy/emmiox-academy/vendor/laravel/framework/src/Illuminate/Pipeline/Pipeline.php(209): Illuminate/Http/Middleware/ValidatePostSize->handle(Object(Illuminate/Http/Request), Object(Closure))
#48 D:/projects/emmiox-academy/emmiox-academy/vendor/laravel/framework/src/Illuminate/Foundation/Http/Middleware/PreventRequestsDuringMaintenance.php(110): Illuminate/Pipeline/Pipeline->Illuminate/Pipeline/{closure}(Object(Illuminate/Http/Request))
#49 D:/projects/emmiox-academy/emmiox-academy/vendor/laravel/framework/src/Illuminate/Pipeline/Pipeline.php(209): Illuminate/Foundation/Http/Middleware/PreventRequestsDuringMaintenance->handle(Object(Illuminate/Http/Request), Object(Closure))
#50 D:/projects/emmiox-academy/emmiox-academy/vendor/laravel/framework/src/Illuminate/Http/Middleware/HandleCors.php(49): Illuminate/Pipeline/Pipeline->Illuminate/Pipeline/{closure}(Object(Illuminate/Http/Request))
#51 D:/projects/emmiox-academy/emmiox-academy/vendor/laravel/framework/src/Illuminate/Pipeline/Pipeline.php(209): Illuminate/Http/Middleware/HandleCors->handle(Object(Illuminate/Http/Request), Object(Closure))
#52 D:/projects/emmiox-academy/emmiox-academy/vendor/laravel/framework/src/Illuminate/Http/Middleware/TrustProxies.php(58): Illuminate/Pipeline/Pipeline->Illuminate/Pipeline/{closure}(Object(Illuminate/Http/Request))
#53 D:/projects/emmiox-academy/emmiox-academy/vendor/laravel/framework/src/Illuminate/Pipeline/Pipeline.php(209): Illuminate/Http/Middleware/TrustProxies->handle(Object(Illuminate/Http/Request), Object(Closure))
#54 D:/projects/emmiox-academy/emmiox-academy/vendor/laravel/framework/src/Illuminate/Foundation/Http/Middleware/InvokeDeferredCallbacks.php(22): Illuminate/Pipeline/Pipeline->Illuminate/Pipeline/{closure}(Object(Illuminate/Http/Request))
#55 D:/projects/emmiox-academy/emmiox-academy/vendor/laravel/framework/src/Illuminate/Pipeline/Pipeline.php(209): Illuminate/Foundation/Http/Middleware/InvokeDeferredCallbacks->handle(Object(Illuminate/Http/Request), Object(Closure))
#56 D:/projects/emmiox-academy/emmiox-academy/vendor/laravel/framework/src/Illuminate/Pipeline/Pipeline.php(127): Illuminate/Pipeline/Pipeline->Illuminate/Pipeline/{closure}(Object(Illuminate/Http/Request))
#57 D:/projects/emmiox-academy/emmiox-academy/vendor/laravel/framework/src/Illuminate/Foundation/Http/Kernel.php(176): Illuminate/Pipeline/Pipeline->then(Object(Closure))
#58 D:/projects/emmiox-academy/emmiox-academy/vendor/laravel/framework/src/Illuminate/Foundation/Http/Kernel.php(145): Illuminate/Foundation/Http/Kernel->sendRequestThroughRouter(Object(Illuminate/Http/Request))
#59 D:/projects/emmiox-academy/emmiox-academy/vendor/laravel/framework/src/Illuminate/Foundation/Application.php(1220): Illuminate/Foundation/Http/Kernel->handle(Object(Illuminate/Http/Request))
#60 D:/projects/emmiox-academy/emmiox-academy/public/index.php(17): Illuminate/Foundation/Application->handleRequest(Object(Illuminate/Http/Request))
#61 D:/projects/emmiox-academy/emmiox-academy/vendor/laravel/framework/src/Illuminate/Foundation/resources/server.php(23): require_once('D://projects//emm...')
#62 {main}

[previous exception] [object] (Illuminate\\View\\ViewException(code: 0): Vite manifest not found at: D:\\projects\\emmiox-academy\\emmiox-academy\\public\\build/manifest.json (View: D:\\projects\\emmiox-academy\\emmiox-academy\\resources\\views\\components\\layouts\\app.blade.php) at D:/projects/emmiox-academy/emmiox-academy/vendor/laravel/framework/src/Illuminate/Foundation/Vite.php:934)
[stacktrace]
#0 D:/projects/emmiox-academy/emmiox-academy/vendor/laravel/framework/src/Illuminate/View/Engines/PhpEngine.php(60): Illuminate/View/Engines/CompilerEngine->handleViewException(Object(Illuminate/Foundation/ViteManifestNotFoundException), 3)
#1 D:/projects/emmiox-academy/emmiox-academy/vendor/laravel/framework/src/Illuminate/View/Engines/CompilerEngine.php(75): Illuminate/View/Engines/PhpEngine->evaluatePath('D://projects//emm...', Array)
#2 D:/projects/emmiox-academy/emmiox-academy/vendor/laravel/framework/src/Illuminate/View/View.php(209): Illuminate/View/Engines/CompilerEngine->get('D://projects//emm...', Array)
#3 D:/projects/emmiox-academy/emmiox-academy/vendor/laravel/framework/src/Illuminate/View/View.php(192): Illuminate/View/View->getContents()
#4 D:/projects/emmiox-academy/emmiox-academy/vendor/laravel/framework/src/Illuminate/View/View.php(161): Illuminate/View/View->renderContents()
#5 D:/projects/emmiox-academy/emmiox-academy/vendor/laravel/framework/src/Illuminate/View/Concerns/ManagesComponents.php(103): Illuminate/View/View->render()
#6 D:/projects/emmiox-academy/emmiox-academy/storage/framework/views/98ac23a0241b0de7dd2cdc6ffde20945.php(85): Illuminate/View/Factory->renderComponent()
#7 D:/projects/emmiox-academy/emmiox-academy/vendor/laravel/framework/src/Illuminate/Filesystem/Filesystem.php(123): require('D://projects//emm...')
#8 D:/projects/emmiox-academy/emmiox-academy/vendor/laravel/framework/src/Illuminate/Filesystem/Filesystem.php(124): Illuminate/Filesystem/Filesystem::Illuminate/Filesystem/{closure}()
#9 D:/projects/emmiox-academy/emmiox-academy/vendor/laravel/framework/src/Illuminate/View/Engines/PhpEngine.php(58): Illuminate/Filesystem/Filesystem->getRequire('D://projects//emm...', Array)
#10 D:/projects/emmiox-academy/emmiox-academy/vendor/laravel/framework/src/Illuminate/View/Engines/CompilerEngine.php(75): Illuminate/View/Engines/PhpEngine->evaluatePath('D://projects//emm...', Array)
#11 D:/projects/emmiox-academy/emmiox-academy/vendor/laravel/framework/src/Illuminate/View/View.php(209): Illuminate/View/Engines/CompilerEngine->get('D://projects//emm...', Array)
#12 D:/projects/emmiox-academy/emmiox-academy/vendor/laravel/framework/src/Illuminate/View/View.php(192): Illuminate/View/View->getContents()
#13 D:/projects/emmiox-academy/emmiox-academy/vendor/laravel/framework/src/Illuminate/View/View.php(161): Illuminate/View/View->renderContents()
#14 D:/projects/emmiox-academy/emmiox-academy/vendor/laravel/framework/src/Illuminate/View/Concerns/ManagesComponents.php(103): Illuminate/View/View->render()
#15 D:/projects/emmiox-academy/emmiox-academy/storage/framework/views/3515cf900323f1cf5414c739757f9c43.php(209): Illuminate/View/Factory->renderComponent()
#16 D:/projects/emmiox-academy/emmiox-academy/vendor/laravel/framework/src/Illuminate/Filesystem/Filesystem.php(123): require('D://projects//emm...')
#17 D:/projects/emmiox-academy/emmiox-academy/vendor/laravel/framework/src/Illuminate/Filesystem/Filesystem.php(124): Illuminate/Filesystem/Filesystem::Illuminate/Filesystem/{closure}()
#18 D:/projects/emmiox-academy/emmiox-academy/vendor/laravel/framework/src/Illuminate/View/Engines/PhpEngine.php(58): Illuminate/Filesystem/Filesystem->getRequire('D://projects//emm...', Array)
#19 D:/projects/emmiox-academy/emmiox-academy/vendor/laravel/framework/src/Illuminate/View/Engines/CompilerEngine.php(75): Illuminate/View/Engines/PhpEngine->evaluatePath('D://projects//emm...', Array)
#20 D:/projects/emmiox-academy/emmiox-academy/vendor/laravel/framework/src/Illuminate/View/View.php(209): Illuminate/View/Engines/CompilerEngine->get('D://projects//emm...', Array)
#21 D:/projects/emmiox-academy/emmiox-academy/vendor/laravel/framework/src/Illuminate/View/View.php(192): Illuminate/View/View->getContents()
#22 D:/projects/emmiox-academy/emmiox-academy/vendor/laravel/framework/src/Illuminate/View/View.php(161): Illuminate/View/View->renderContents()
#23 D:/projects/emmiox-academy/emmiox-academy/vendor/laravel/framework/src/Illuminate/Http/Response.php(79): Illuminate/View/View->render()
#24 D:/projects/emmiox-academy/emmiox-academy/vendor/laravel/framework/src/Illuminate/Http/Response.php(35): Illuminate/Http/Response->setContent(Object(Illuminate/View/View))
#25 D:/projects/emmiox-academy/emmiox-academy/vendor/laravel/framework/src/Illuminate/Routing/Router.php(920): Illuminate/Http/Response->__construct(Object(Illuminate/View/View), 200, Array)
#26 D:/projects/emmiox-academy/emmiox-academy/vendor/laravel/framework/src/Illuminate/Routing/Router.php(887): Illuminate/Routing/Router::toResponse(Object(Illuminate/Http/Request), Object(Illuminate/View/View))
#27 D:/projects/emmiox-academy/emmiox-academy/vendor/laravel/framework/src/Illuminate/Routing/Router.php(807): Illuminate/Routing/Router->prepareResponse(Object(Illuminate/Http/Request), Object(Illuminate/View/View))
#28 D:/projects/emmiox-academy/emmiox-academy/vendor/laravel/framework/src/Illuminate/Pipeline/Pipeline.php(170): Illuminate/Routing/Router->Illuminate/Routing/{closure}(Object(Illuminate/Http/Request))
#29 D:/projects/emmiox-academy/emmiox-academy/vendor/laravel/framework/src/Illuminate/Routing/Middleware/SubstituteBindings.php(51): Illuminate/Pipeline/Pipeline->Illuminate/Pipeline/{closure}(Object(Illuminate/Http/Request))
#30 D:/projects/emmiox-academy/emmiox-academy/vendor/laravel/framework/src/Illuminate/Pipeline/Pipeline.php(209): Illuminate/Routing/Middleware/SubstituteBindings->handle(Object(Illuminate/Http/Request), Object(Closure))
#31 D:/projects/emmiox-academy/emmiox-academy/vendor/laravel/framework/src/Illuminate/Foundation/Http/Middleware/VerifyCsrfToken.php(88): Illuminate/Pipeline/Pipeline->Illuminate/Pipeline/{closure}(Object(Illuminate/Http/Request))
#32 D:/projects/emmiox-academy/emmiox-academy/vendor/laravel/framework/src/Illuminate/Pipeline/Pipeline.php(209): Illuminate/Foundation/Http/Middleware/VerifyCsrfToken->handle(Object(Illuminate/Http/Request), Object(Closure))
#33 D:/projects/emmiox-academy/emmiox-academy/vendor/laravel/framework/src/Illuminate/View/Middleware/ShareErrorsFromSession.php(49): Illuminate/Pipeline/Pipeline->Illuminate/Pipeline/{closure}(Object(Illuminate/Http/Request))
#34 D:/projects/emmiox-academy/emmiox-academy/vendor/laravel/framework/src/Illuminate/Pipeline/Pipeline.php(209): Illuminate/View/Middleware/ShareErrorsFromSession->handle(Object(Illuminate/Http/Request), Object(Closure))
#35 D:/projects/emmiox-academy/emmiox-academy/vendor/laravel/framework/src/Illuminate/Session/Middleware/StartSession.php(121): Illuminate/Pipeline/Pipeline->Illuminate/Pipeline/{closure}(Object(Illuminate/Http/Request))
#36 D:/projects/emmiox-academy/emmiox-academy/vendor/laravel/framework/src/Illuminate/Session/Middleware/StartSession.php(64): Illuminate/Session/Middleware/StartSession->handleStatefulRequest(Object(Illuminate/Http/Request), Object(Illuminate/Session/Store), Object(Closure))
#37 D:/projects/emmiox-academy/emmiox-academy/vendor/laravel/framework/src/Illuminate/Pipeline/Pipeline.php(209): Illuminate/Session/Middleware/StartSession->handle(Object(Illuminate/Http/Request), Object(Closure))
#38 D:/projects/emmiox-academy/emmiox-academy/vendor/laravel/framework/src/Illuminate/Cookie/Middleware/AddQueuedCookiesToResponse.php(37): Illuminate/Pipeline/Pipeline->Illuminate/Pipeline/{closure}(Object(Illuminate/Http/Request))
#39 D:/projects/emmiox-academy/emmiox-academy/vendor/laravel/framework/src/Illuminate/Pipeline/Pipeline.php(209): Illuminate/Cookie/Middleware/AddQueuedCookiesToResponse->handle(Object(Illuminate/Http/Request), Object(Closure))
#40 D:/projects/emmiox-academy/emmiox-academy/vendor/laravel/framework/src/Illuminate/Cookie/Middleware/EncryptCookies.php(75): Illuminate/Pipeline/Pipeline->Illuminate/Pipeline/{closure}(Object(Illuminate/Http/Request))
#41 D:/projects/emmiox-academy/emmiox-academy/vendor/laravel/framework/src/Illuminate/Pipeline/Pipeline.php(209): Illuminate/Cookie/Middleware/EncryptCookies->handle(Object(Illuminate/Http/Request), Object(Closure))
#42 D:/projects/emmiox-academy/emmiox-academy/vendor/laravel/framework/src/Illuminate/Pipeline/Pipeline.php(127): Illuminate/Pipeline/Pipeline->Illuminate/Pipeline/{closure}(Object(Illuminate/Http/Request))
#43 D:/projects/emmiox-academy/emmiox-academy/vendor/laravel/framework/src/Illuminate/Routing/Router.php(807): Illuminate/Pipeline/Pipeline->then(Object(Closure))
#44 D:/projects/emmiox-academy/emmiox-academy/vendor/laravel/framework/src/Illuminate/Routing/Router.php(786): Illuminate/Routing/Router->runRouteWithinStack(Object(Illuminate/Routing/Route), Object(Illuminate/Http/Request))
#45 D:/projects/emmiox-academy/emmiox-academy/vendor/laravel/framework/src/Illuminate/Routing/Router.php(750): Illuminate/Routing/Router->runRoute(Object(Illuminate/Http/Request), Object(Illuminate/Routing/Route))
#46 D:/projects/emmiox-academy/emmiox-academy/vendor/laravel/framework/src/Illuminate/Routing/Router.php(739): Illuminate/Routing/Router->dispatchToRoute(Object(Illuminate/Http/Request))
#47 D:/projects/emmiox-academy/emmiox-academy/vendor/laravel/framework/src/Illuminate/Foundation/Http/Kernel.php(201): Illuminate/Routing/Router->dispatch(Object(Illuminate/Http/Request))
#48 D:/projects/emmiox-academy/emmiox-academy/vendor/laravel/framework/src/Illuminate/Pipeline/Pipeline.php(170): Illuminate/Foundation/Http/Kernel->Illuminate/Foundation/Http/{closure}(Object(Illuminate/Http/Request))
#49 D:/projects/emmiox-academy/emmiox-academy/vendor/laravel/framework/src/Illuminate/Foundation/Http/Middleware/TransformsRequest.php(21): Illuminate/Pipeline/Pipeline->Illuminate/Pipeline/{closure}(Object(Illuminate/Http/Request))
#50 D:/projects/emmiox-academy/emmiox-academy/vendor/laravel/framework/src/Illuminate/Foundation/Http/Middleware/ConvertEmptyStringsToNull.php(31): Illuminate/Foundation/Http/Middleware/TransformsRequest->handle(Object(Illuminate/Http/Request), Object(Closure))
#51 D:/projects/emmiox-academy/emmiox-academy/vendor/laravel/framework/src/Illuminate/Pipeline/Pipeline.php(209): Illuminate/Foundation/Http/Middleware/ConvertEmptyStringsToNull->handle(Object(Illuminate/Http/Request), Object(Closure))
#52 D:/projects/emmiox-academy/emmiox-academy/vendor/laravel/framework/src/Illuminate/Foundation/Http/Middleware/TransformsRequest.php(21): Illuminate/Pipeline/Pipeline->Illuminate/Pipeline/{closure}(Object(Illuminate/Http/Request))
#53 D:/projects/emmiox-academy/emmiox-academy/vendor/laravel/framework/src/Illuminate/Foundation/Http/Middleware/TrimStrings.php(51): Illuminate/Foundation/Http/Middleware/TransformsRequest->handle(Object(Illuminate/Http/Request), Object(Closure))
#54 D:/projects/emmiox-academy/emmiox-academy/vendor/laravel/framework/src/Illuminate/Pipeline/Pipeline.php(209): Illuminate/Foundation/Http/Middleware/TrimStrings->handle(Object(Illuminate/Http/Request), Object(Closure))
#55 D:/projects/emmiox-academy/emmiox-academy/vendor/laravel/framework/src/Illuminate/Http/Middleware/ValidatePostSize.php(27): Illuminate/Pipeline/Pipeline->Illuminate/Pipeline/{closure}(Object(Illuminate/Http/Request))
#56 D:/projects/emmiox-academy/emmiox-academy/vendor/laravel/framework/src/Illuminate/Pipeline/Pipeline.php(209): Illuminate/Http/Middleware/ValidatePostSize->handle(Object(Illuminate/Http/Request), Object(Closure))
#57 D:/projects/emmiox-academy/emmiox-academy/vendor/laravel/framework/src/Illuminate/Foundation/Http/Middleware/PreventRequestsDuringMaintenance.php(110): Illuminate/Pipeline/Pipeline->Illuminate/Pipeline/{closure}(Object(Illuminate/Http/Request))
#58 D:/projects/emmiox-academy/emmiox-academy/vendor/laravel/framework/src/Illuminate/Pipeline/Pipeline.php(209): Illuminate/Foundation/Http/Middleware/PreventRequestsDuringMaintenance->handle(Object(Illuminate/Http/Request), Object(Closure))
#59 D:/projects/emmiox-academy/emmiox-academy/vendor/laravel/framework/src/Illuminate/Http/Middleware/HandleCors.php(49): Illuminate/Pipeline/Pipeline->Illuminate/Pipeline/{closure}(Object(Illuminate/Http/Request))
#60 D:/projects/emmiox-academy/emmiox-academy/vendor/laravel/framework/src/Illuminate/Pipeline/Pipeline.php(209): Illuminate/Http/Middleware/HandleCors->handle(Object(Illuminate/Http/Request), Object(Closure))
#61 D:/projects/emmiox-academy/emmiox-academy/vendor/laravel/framework/src/Illuminate/Http/Middleware/TrustProxies.php(58): Illuminate/Pipeline/Pipeline->Illuminate/Pipeline/{closure}(Object(Illuminate/Http/Request))
#62 D:/projects/emmiox-academy/emmiox-academy/vendor/laravel/framework/src/Illuminate/Pipeline/Pipeline.php(209): Illuminate/Http/Middleware/TrustProxies->handle(Object(Illuminate/Http/Request), Object(Closure))
#63 D:/projects/emmiox-academy/emmiox-academy/vendor/laravel/framework/src/Illuminate/Foundation/Http/Middleware/InvokeDeferredCallbacks.php(22): Illuminate/Pipeline/Pipeline->Illuminate/Pipeline/{closure}(Object(Illuminate/Http/Request))
#64 D:/projects/emmiox-academy/emmiox-academy/vendor/laravel/framework/src/Illuminate/Pipeline/Pipeline.php(209): Illuminate/Foundation/Http/Middleware/InvokeDeferredCallbacks->handle(Object(Illuminate/Http/Request), Object(Closure))
#65 D:/projects/emmiox-academy/emmiox-academy/vendor/laravel/framework/src/Illuminate/Pipeline/Pipeline.php(127): Illuminate/Pipeline/Pipeline->Illuminate/Pipeline/{closure}(Object(Illuminate/Http/Request))
#66 D:/projects/emmiox-academy/emmiox-academy/vendor/laravel/framework/src/Illuminate/Foundation/Http/Kernel.php(176): Illuminate/Pipeline/Pipeline->then(Object(Closure))
#67 D:/projects/emmiox-academy/emmiox-academy/vendor/laravel/framework/src/Illuminate/Foundation/Http/Kernel.php(145): Illuminate/Foundation/Http/Kernel->sendRequestThroughRouter(Object(Illuminate/Http/Request))
#68 D:/projects/emmiox-academy/emmiox-academy/vendor/laravel/framework/src/Illuminate/Foundation/Application.php(1220): Illuminate/Foundation/Http/Kernel->handle(Object(Illuminate/Http/Request))
#69 D:/projects/emmiox-academy/emmiox-academy/public/index.php(17): Illuminate/Foundation/Application->handleRequest(Object(Illuminate/Http/Request))
#70 D:/projects/emmiox-academy/emmiox-academy/vendor/laravel/framework/src/Illuminate/Foundation/resources/server.php(23): require_once('D://projects//emm...')
#71 {main}

[previous exception] [object] (Illuminate\\Foundation\\ViteManifestNotFoundException(code: 0): Vite manifest not found at: D:\\projects\\emmiox-academy\\emmiox-academy\\public\\build/manifest.json at D:/projects/emmiox-academy/emmiox-academy/vendor/laravel/framework/src/Illuminate/Foundation/Vite.php:934)
[stacktrace]
#0 D:/projects/emmiox-academy/emmiox-academy/vendor/laravel/framework/src/Illuminate/Foundation/Vite.php(384): Illuminate/Foundation/Vite->manifest('build')
#1 D:/projects/emmiox-academy/emmiox-academy/storage/framework/views/81a7c3e32b2ba3eefd75017703d188f4.php(10): Illuminate/Foundation/Vite->__invoke(Object(Illuminate/Support/Collection))
#2 D:/projects/emmiox-academy/emmiox-academy/vendor/laravel/framework/src/Illuminate/Filesystem/Filesystem.php(123): require('D://projects//emm...')
#3 D:/projects/emmiox-academy/emmiox-academy/vendor/laravel/framework/src/Illuminate/Filesystem/Filesystem.php(124): Illuminate/Filesystem/Filesystem::Illuminate/Filesystem/{closure}()
#4 D:/projects/emmiox-academy/emmiox-academy/vendor/laravel/framework/src/Illuminate/View/Engines/PhpEngine.php(58): Illuminate/Filesystem/Filesystem->getRequire('D://projects//emm...', Array)
#5 D:/projects/emmiox-academy/emmiox-academy/vendor/laravel/framework/src/Illuminate/View/Engines/CompilerEngine.php(75): Illuminate/View/Engines/PhpEngine->evaluatePath('D://projects//emm...', Array)
#6 D:/projects/emmiox-academy/emmiox-academy/vendor/laravel/framework/src/Illuminate/View/View.php(209): Illuminate/View/Engines/CompilerEngine->get('D://projects//emm...', Array)
#7 D:/projects/emmiox-academy/emmiox-academy/vendor/laravel/framework/src/Illuminate/View/View.php(192): Illuminate/View/View->getContents()
#8 D:/projects/emmiox-academy/emmiox-academy/vendor/laravel/framework/src/Illuminate/View/View.php(161): Illuminate/View/View->renderContents()
#9 D:/projects/emmiox-academy/emmiox-academy/vendor/laravel/framework/src/Illuminate/View/Concerns/ManagesComponents.php(103): Illuminate/View/View->render()
#10 D:/projects/emmiox-academy/emmiox-academy/storage/framework/views/98ac23a0241b0de7dd2cdc6ffde20945.php(85): Illuminate/View/Factory->renderComponent()
#11 D:/projects/emmiox-academy/emmiox-academy/vendor/laravel/framework/src/Illuminate/Filesystem/Filesystem.php(123): require('D://projects//emm...')
#12 D:/projects/emmiox-academy/emmiox-academy/vendor/laravel/framework/src/Illuminate/Filesystem/Filesystem.php(124): Illuminate/Filesystem/Filesystem::Illuminate/Filesystem/{closure}()
#13 D:/projects/emmiox-academy/emmiox-academy/vendor/laravel/framework/src/Illuminate/View/Engines/PhpEngine.php(58): Illuminate/Filesystem/Filesystem->getRequire('D://projects//emm...', Array)
#14 D:/projects/emmiox-academy/emmiox-academy/vendor/laravel/framework/src/Illuminate/View/Engines/CompilerEngine.php(75): Illuminate/View/Engines/PhpEngine->evaluatePath('D://projects//emm...', Array)
#15 D:/projects/emmiox-academy/emmiox-academy/vendor/laravel/framework/src/Illuminate/View/View.php(209): Illuminate/View/Engines/CompilerEngine->get('D://projects//emm...', Array)
#16 D:/projects/emmiox-academy/emmiox-academy/vendor/laravel/framework/src/Illuminate/View/View.php(192): Illuminate/View/View->getContents()
#17 D:/projects/emmiox-academy/emmiox-academy/vendor/laravel/framework/src/Illuminate/View/View.php(161): Illuminate/View/View->renderContents()
#18 D:/projects/emmiox-academy/emmiox-academy/vendor/laravel/framework/src/Illuminate/View/Concerns/ManagesComponents.php(103): Illuminate/View/View->render()
#19 D:/projects/emmiox-academy/emmiox-academy/storage/framework/views/3515cf900323f1cf5414c739757f9c43.php(209): Illuminate/View/Factory->renderComponent()
#20 D:/projects/emmiox-academy/emmiox-academy/vendor/laravel/framework/src/Illuminate/Filesystem/Filesystem.php(123): require('D://projects//emm...')
#21 D:/projects/emmiox-academy/emmiox-academy/vendor/laravel/framework/src/Illuminate/Filesystem/Filesystem.php(124): Illuminate/Filesystem/Filesystem::Illuminate/Filesystem/{closure}()
#22 D:/projects/emmiox-academy/emmiox-academy/vendor/laravel/framework/src/Illuminate/View/Engines/PhpEngine.php(58): Illuminate/Filesystem/Filesystem->getRequire('D://projects//emm...', Array)
#23 D:/projects/emmiox-academy/emmiox-academy/vendor/laravel/framework/src/Illuminate/View/Engines/CompilerEngine.php(75): Illuminate/View/Engines/PhpEngine->evaluatePath('D://projects//emm...', Array)
#24 D:/projects/emmiox-academy/emmiox-academy/vendor/laravel/framework/src/Illuminate/View/View.php(209): Illuminate/View/Engines/CompilerEngine->get('D://projects//emm...', Array)
#25 D:/projects/emmiox-academy/emmiox-academy/vendor/laravel/framework/src/Illuminate/View/View.php(192): Illuminate/View/View->getContents()
#26 D:/projects/emmiox-academy/emmiox-academy/vendor/laravel/framework/src/Illuminate/View/View.php(161): Illuminate/View/View->renderContents()
#27 D:/projects/emmiox-academy/emmiox-academy/vendor/laravel/framework/src/Illuminate/Http/Response.php(79): Illuminate/View/View->render()
#28 D:/projects/emmiox-academy/emmiox-academy/vendor/laravel/framework/src/Illuminate/Http/Response.php(35): Illuminate/Http/Response->setContent(Object(Illuminate/View/View))
#29 D:/projects/emmiox-academy/emmiox-academy/vendor/laravel/framework/src/Illuminate/Routing/Router.php(920): Illuminate/Http/Response->__construct(Object(Illuminate/View/View), 200, Array)
#30 D:/projects/emmiox-academy/emmiox-academy/vendor/laravel/framework/src/Illuminate/Routing/Router.php(887): Illuminate/Routing/Router::toResponse(Object(Illuminate/Http/Request), Object(Illuminate/View/View))
#31 D:/projects/emmiox-academy/emmiox-academy/vendor/laravel/framework/src/Illuminate/Routing/Router.php(807): Illuminate/Routing/Router->prepareResponse(Object(Illuminate/Http/Request), Object(Illuminate/View/View))
#32 D:/projects/emmiox-academy/emmiox-academy/vendor/laravel/framework/src/Illuminate/Pipeline/Pipeline.php(170): Illuminate/Routing/Router->Illuminate/Routing/{closure}(Object(Illuminate/Http/Request))
#33 D:/projects/emmiox-academy/emmiox-academy/vendor/laravel/framework/src/Illuminate/Routing/Middleware/SubstituteBindings.php(51): Illuminate/Pipeline/Pipeline->Illuminate/Pipeline/{closure}(Object(Illuminate/Http/Request))
#34 D:/projects/emmiox-academy/emmiox-academy/vendor/laravel/framework/src/Illuminate/Pipeline/Pipeline.php(209): Illuminate/Routing/Middleware/SubstituteBindings->handle(Object(Illuminate/Http/Request), Object(Closure))
#35 D:/projects/emmiox-academy/emmiox-academy/vendor/laravel/framework/src/Illuminate/Foundation/Http/Middleware/VerifyCsrfToken.php(88): Illuminate/Pipeline/Pipeline->Illuminate/Pipeline/{closure}(Object(Illuminate/Http/Request))
#36 D:/projects/emmiox-academy/emmiox-academy/vendor/laravel/framework/src/Illuminate/Pipeline/Pipeline.php(209): Illuminate/Foundation/Http/Middleware/VerifyCsrfToken->handle(Object(Illuminate/Http/Request), Object(Closure))
#37 D:/projects/emmiox-academy/emmiox-academy/vendor/laravel/framework/src/Illuminate/View/Middleware/ShareErrorsFromSession.php(49): Illuminate/Pipeline/Pipeline->Illuminate/Pipeline/{closure}(Object(Illuminate/Http/Request))
#38 D:/projects/emmiox-academy/emmiox-academy/vendor/laravel/framework/src/Illuminate/Pipeline/Pipeline.php(209): Illuminate/View/Middleware/ShareErrorsFromSession->handle(Object(Illuminate/Http/Request), Object(Closure))
#39 D:/projects/emmiox-academy/emmiox-academy/vendor/laravel/framework/src/Illuminate/Session/Middleware/StartSession.php(121): Illuminate/Pipeline/Pipeline->Illuminate/Pipeline/{closure}(Object(Illuminate/Http/Request))
#40 D:/projects/emmiox-academy/emmiox-academy/vendor/laravel/framework/src/Illuminate/Session/Middleware/StartSession.php(64): Illuminate/Session/Middleware/StartSession->handleStatefulRequest(Object(Illuminate/Http/Request), Object(Illuminate/Session/Store), Object(Closure))
#41 D:/projects/emmiox-academy/emmiox-academy/vendor/laravel/framework/src/Illuminate/Pipeline/Pipeline.php(209): Illuminate/Session/Middleware/StartSession->handle(Object(Illuminate/Http/Request), Object(Closure))
#42 D:/projects/emmiox-academy/emmiox-academy/vendor/laravel/framework/src/Illuminate/Cookie/Middleware/AddQueuedCookiesToResponse.php(37): Illuminate/Pipeline/Pipeline->Illuminate/Pipeline/{closure}(Object(Illuminate/Http/Request))
#43 D:/projects/emmiox-academy/emmiox-academy/vendor/laravel/framework/src/Illuminate/Pipeline/Pipeline.php(209): Illuminate/Cookie/Middleware/AddQueuedCookiesToResponse->handle(Object(Illuminate/Http/Request), Object(Closure))
#44 D:/projects/emmiox-academy/emmiox-academy/vendor/laravel/framework/src/Illuminate/Cookie/Middleware/EncryptCookies.php(75): Illuminate/Pipeline/Pipeline->Illuminate/Pipeline/{closure}(Object(Illuminate/Http/Request))
#45 D:/projects/emmiox-academy/emmiox-academy/vendor/laravel/framework/src/Illuminate/Pipeline/Pipeline.php(209): Illuminate/Cookie/Middleware/EncryptCookies->handle(Object(Illuminate/Http/Request), Object(Closure))
#46 D:/projects/emmiox-academy/emmiox-academy/vendor/laravel/framework/src/Illuminate/Pipeline/Pipeline.php(127): Illuminate/Pipeline/Pipeline->Illuminate/Pipeline/{closure}(Object(Illuminate/Http/Request))
#47 D:/projects/emmiox-academy/emmiox-academy/vendor/laravel/framework/src/Illuminate/Routing/Router.php(807): Illuminate/Pipeline/Pipeline->then(Object(Closure))
#48 D:/projects/emmiox-academy/emmiox-academy/vendor/laravel/framework/src/Illuminate/Routing/Router.php(786): Illuminate/Routing/Router->runRouteWithinStack(Object(Illuminate/Routing/Route), Object(Illuminate/Http/Request))
#49 D:/projects/emmiox-academy/emmiox-academy/vendor/laravel/framework/src/Illuminate/Routing/Router.php(750): Illuminate/Routing/Router->runRoute(Object(Illuminate/Http/Request), Object(Illuminate/Routing/Route))
#50 D:/projects/emmiox-academy/emmiox-academy/vendor/laravel/framework/src/Illuminate/Routing/Router.php(739): Illuminate/Routing/Router->dispatchToRoute(Object(Illuminate/Http/Request))
#51 D:/projects/emmiox-academy/emmiox-academy/vendor/laravel/framework/src/Illuminate/Foundation/Http/Kernel.php(201): Illuminate/Routing/Router->dispatch(Object(Illuminate/Http/Request))
#52 D:/projects/emmiox-academy/emmiox-academy/vendor/laravel/framework/src/Illuminate/Pipeline/Pipeline.php(170): Illuminate/Foundation/Http/Kernel->Illuminate/Foundation/Http/{closure}(Object(Illuminate/Http/Request))
#53 D:/projects/emmiox-academy/emmiox-academy/vendor/laravel/framework/src/Illuminate/Foundation/Http/Middleware/TransformsRequest.php(21): Illuminate/Pipeline/Pipeline->Illuminate/Pipeline/{closure}(Object(Illuminate/Http/Request))
#54 D:/projects/emmiox-academy/emmiox-academy/vendor/laravel/framework/src/Illuminate/Foundation/Http/Middleware/ConvertEmptyStringsToNull.php(31): Illuminate/Foundation/Http/Middleware/TransformsRequest->handle(Object(Illuminate/Http/Request), Object(Closure))
#55 D:/projects/emmiox-academy/emmiox-academy/vendor/laravel/framework/src/Illuminate/Pipeline/Pipeline.php(209): Illuminate/Foundation/Http/Middleware/ConvertEmptyStringsToNull->handle(Object(Illuminate/Http/Request), Object(Closure))
#56 D:/projects/emmiox-academy/emmiox-academy/vendor/laravel/framework/src/Illuminate/Foundation/Http/Middleware/TransformsRequest.php(21): Illuminate/Pipeline/Pipeline->Illuminate/Pipeline/{closure}(Object(Illuminate/Http/Request))
#57 D:/projects/emmiox-academy/emmiox-academy/vendor/laravel/framework/src/Illuminate/Foundation/Http/Middleware/TrimStrings.php(51): Illuminate/Foundation/Http/Middleware/TransformsRequest->handle(Object(Illuminate/Http/Request), Object(Closure))
#58 D:/projects/emmiox-academy/emmiox-academy/vendor/laravel/framework/src/Illuminate/Pipeline/Pipeline.php(209): Illuminate/Foundation/Http/Middleware/TrimStrings->handle(Object(Illuminate/Http/Request), Object(Closure))
#59 D:/projects/emmiox-academy/emmiox-academy/vendor/laravel/framework/src/Illuminate/Http/Middleware/ValidatePostSize.php(27): Illuminate/Pipeline/Pipeline->Illuminate/Pipeline/{closure}(Object(Illuminate/Http/Request))
#60 D:/projects/emmiox-academy/emmiox-academy/vendor/laravel/framework/src/Illuminate/Pipeline/Pipeline.php(209): Illuminate/Http/Middleware/ValidatePostSize->handle(Object(Illuminate/Http/Request), Object(Closure))
#61 D:/projects/emmiox-academy/emmiox-academy/vendor/laravel/framework/src/Illuminate/Foundation/Http/Middleware/PreventRequestsDuringMaintenance.php(110): Illuminate/Pipeline/Pipeline->Illuminate/Pipeline/{closure}(Object(Illuminate/Http/Request))
#62 D:/projects/emmiox-academy/emmiox-academy/vendor/laravel/framework/src/Illuminate/Pipeline/Pipeline.php(209): Illuminate/Foundation/Http/Middleware/PreventRequestsDuringMaintenance->handle(Object(Illuminate/Http/Request), Object(Closure))
#63 D:/projects/emmiox-academy/emmiox-academy/vendor/laravel/framework/src/Illuminate/Http/Middleware/HandleCors.php(49): Illuminate/Pipeline/Pipeline->Illuminate/Pipeline/{closure}(Object(Illuminate/Http/Request))
#64 D:/projects/emmiox-academy/emmiox-academy/vendor/laravel/framework/src/Illuminate/Pipeline/Pipeline.php(209): Illuminate/Http/Middleware/HandleCors->handle(Object(Illuminate/Http/Request), Object(Closure))
#65 D:/projects/emmiox-academy/emmiox-academy/vendor/laravel/framework/src/Illuminate/Http/Middleware/TrustProxies.php(58): Illuminate/Pipeline/Pipeline->Illuminate/Pipeline/{closure}(Object(Illuminate/Http/Request))
#66 D:/projects/emmiox-academy/emmiox-academy/vendor/laravel/framework/src/Illuminate/Pipeline/Pipeline.php(209): Illuminate/Http/Middleware/TrustProxies->handle(Object(Illuminate/Http/Request), Object(Closure))
#67 D:/projects/emmiox-academy/emmiox-academy/vendor/laravel/framework/src/Illuminate/Foundation/Http/Middleware/InvokeDeferredCallbacks.php(22): Illuminate/Pipeline/Pipeline->Illuminate/Pipeline/{closure}(Object(Illuminate/Http/Request))
#68 D:/projects/emmiox-academy/emmiox-academy/vendor/laravel/framework/src/Illuminate/Pipeline/Pipeline.php(209): Illuminate/Foundation/Http/Middleware/InvokeDeferredCallbacks->handle(Object(Illuminate/Http/Request), Object(Closure))
#69 D:/projects/emmiox-academy/emmiox-academy/vendor/laravel/framework/src/Illuminate/Pipeline/Pipeline.php(127): Illuminate/Pipeline/Pipeline->Illuminate/Pipeline/{closure}(Object(Illuminate/Http/Request))
#70 D:/projects/emmiox-academy/emmiox-academy/vendor/laravel/framework/src/Illuminate/Foundation/Http/Kernel.php(176): Illuminate/Pipeline/Pipeline->then(Object(Closure))
#71 D:/projects/emmiox-academy/emmiox-academy/vendor/laravel/framework/src/Illuminate/Foundation/Http/Kernel.php(145): Illuminate/Foundation/Http/Kernel->sendRequestThroughRouter(Object(Illuminate/Http/Request))
#72 D:/projects/emmiox-academy/emmiox-academy/vendor/laravel/framework/src/Illuminate/Foundation/Application.php(1220): Illuminate/Foundation/Http/Kernel->handle(Object(Illuminate/Http/Request))
#73 D:/projects/emmiox-academy/emmiox-academy/public/index.php(17): Illuminate/Foundation/Application->handleRequest(Object(Illuminate/Http/Request))
#74 D:/projects/emmiox-academy/emmiox-academy/vendor/laravel/framework/src/Illuminate/Foundation/resources/server.php(23): require_once('D://projects//emm...')
#75 {main}
"} 
[2026-08-22 09:39:36] local.ERROR: Vite manifest not found at: D:\projects\emmiox-academy\emmiox-academy\public\build/manifest.json (View: D:\projects\emmiox-academy\emmiox-academy\resources\views\components\layouts\app.blade.php) (View: D:\projects\emmiox-academy\emmiox-academy\resources\views\components\layouts\app.blade.php) (View: D:\projects\emmiox-academy\emmiox-academy\resources\views\components\layouts\app.blade.php) {"exception":"[object] (Illuminate\\View\\ViewException(code: 0): Vite manifest not found at: D:\\projects\\emmiox-academy\\emmiox-academy\\public\\build/manifest.json (View: D:\\projects\\emmiox-academy\\emmiox-academy\\resources\\views\\components\\layouts\\app.blade.php) (View: D:\\projects\\emmiox-academy\\emmiox-academy\\resources\\views\\components\\layouts\\app.blade.php) (View: D:\\projects\\emmiox-academy\\emmiox-academy\\resources\\views\\components\\layouts\\app.blade.php) at D:/projects/emmiox-academy/emmiox-academy/vendor/laravel/framework/src/Illuminate/Foundation/Vite.php:934)
[stacktrace]
#0 D:/projects/emmiox-academy/emmiox-academy/vendor/laravel/framework/src/Illuminate/View/Engines/PhpEngine.php(60): Illuminate/View/Engines/CompilerEngine->handleViewException(Object(Illuminate/View/ViewException), 1)
#1 D:/projects/emmiox-academy/emmiox-academy/vendor/laravel/framework/src/Illuminate/View/Engines/CompilerEngine.php(75): Illuminate/View/Engines/PhpEngine->evaluatePath('D://projects//emm...', Array)
#2 D:/projects/emmiox-academy/emmiox-academy/vendor/laravel/framework/src/Illuminate/View/View.php(209): Illuminate/View/Engines/CompilerEngine->get('D://projects//emm...', Array)
#3 D:/projects/emmiox-academy/emmiox-academy/vendor/laravel/framework/src/Illuminate/View/View.php(192): Illuminate/View/View->getContents()
#4 D:/projects/emmiox-academy/emmiox-academy/vendor/laravel/framework/src/Illuminate/View/View.php(161): Illuminate/View/View->renderContents()
#5 D:/projects/emmiox-academy/emmiox-academy/vendor/laravel/framework/src/Illuminate/Http/Response.php(79): Illuminate/View/View->render()
#6 D:/projects/emmiox-academy/emmiox-academy/vendor/laravel/framework/src/Illuminate/Http/Response.php(35): Illuminate/Http/Response->setContent(Object(Illuminate/View/View))
#7 D:/projects/emmiox-academy/emmiox-academy/vendor/laravel/framework/src/Illuminate/Routing/Router.php(920): Illuminate/Http/Response->__construct(Object(Illuminate/View/View), 200, Array)
#8 D:/projects/emmiox-academy/emmiox-academy/vendor/laravel/framework/src/Illuminate/Routing/Router.php(887): Illuminate/Routing/Router::toResponse(Object(Illuminate/Http/Request), Object(Illuminate/View/View))
#9 D:/projects/emmiox-academy/emmiox-academy/vendor/laravel/framework/src/Illuminate/Routing/Router.php(807): Illuminate/Routing/Router->prepareResponse(Object(Illuminate/Http/Request), Object(Illuminate/View/View))
#10 D:/projects/emmiox-academy/emmiox-academy/vendor/laravel/framework/src/Illuminate/Pipeline/Pipeline.php(170): Illuminate/Routing/Router->Illuminate/Routing/{closure}(Object(Illuminate/Http/Request))
#11 D:/projects/emmiox-academy/emmiox-academy/vendor/laravel/framework/src/Illuminate/Routing/Middleware/SubstituteBindings.php(51): Illuminate/Pipeline/Pipeline->Illuminate/Pipeline/{closure}(Object(Illuminate/Http/Request))
#12 D:/projects/emmiox-academy/emmiox-academy/vendor/laravel/framework/src/Illuminate/Pipeline/Pipeline.php(209): Illuminate/Routing/Middleware/SubstituteBindings->handle(Object(Illuminate/Http/Request), Object(Closure))
#13 D:/projects/emmiox-academy/emmiox-academy/vendor/laravel/framework/src/Illuminate/Foundation/Http/Middleware/VerifyCsrfToken.php(88): Illuminate/Pipeline/Pipeline->Illuminate/Pipeline/{closure}(Object(Illuminate/Http/Request))
#14 D:/projects/emmiox-academy/emmiox-academy/vendor/laravel/framework/src/Illuminate/Pipeline/Pipeline.php(209): Illuminate/Foundation/Http/Middleware/VerifyCsrfToken->handle(Object(Illuminate/Http/Request), Object(Closure))
#15 D:/projects/emmiox-academy/emmiox-academy/vendor/laravel/framework/src/Illuminate/View/Middleware/ShareErrorsFromSession.php(49): Illuminate/Pipeline/Pipeline->Illuminate/Pipeline/{closure}(Object(Illuminate/Http/Request))
#16 D:/projects/emmiox-academy/emmiox-academy/vendor/laravel/framework/src/Illuminate/Pipeline/Pipeline.php(209): Illuminate/View/Middleware/ShareErrorsFromSession->handle(Object(Illuminate/Http/Request), Object(Closure))
#17 D:/projects/emmiox-academy/emmiox-academy/vendor/laravel/framework/src/Illuminate/Session/Middleware/StartSession.php(121): Illuminate/Pipeline/Pipeline->Illuminate/Pipeline/{closure}(Object(Illuminate/Http/Request))
#18 D:/projects/emmiox-academy/emmiox-academy/vendor/laravel/framework/src/Illuminate/Session/Middleware/StartSession.php(64): Illuminate/Session/Middleware/StartSession->handleStatefulRequest(Object(Illuminate/Http/Request), Object(Illuminate/Session/Store), Object(Closure))
#19 D:/projects/emmiox-academy/emmiox-academy/vendor/laravel/framework/src/Illuminate/Pipeline/Pipeline.php(209): Illuminate/Session/Middleware/StartSession->handle(Object(Illuminate/Http/Request), Object(Closure))
#20 D:/projects/emmiox-academy/emmiox-academy/vendor/laravel/framework/src/Illuminate/Cookie/Middleware/AddQueuedCookiesToResponse.php(37): Illuminate/Pipeline/Pipeline->Illuminate/Pipeline/{closure}(Object(Illuminate/Http/Request))
#21 D:/projects/emmiox-academy/emmiox-academy/vendor/laravel/framework/src/Illuminate/Pipeline/Pipeline.php(209): Illuminate/Cookie/Middleware/AddQueuedCookiesToResponse->handle(Object(Illuminate/Http/Request), Object(Closure))
#22 D:/projects/emmiox-academy/emmiox-academy/vendor/laravel/framework/src/Illuminate/Cookie/Middleware/EncryptCookies.php(75): Illuminate/Pipeline/Pipeline->Illuminate/Pipeline/{closure}(Object(Illuminate/Http/Request))
#23 D:/projects/emmiox-academy/emmiox-academy/vendor/laravel/framework/src/Illuminate/Pipeline/Pipeline.php(209): Illuminate/Cookie/Middleware/EncryptCookies->handle(Object(Illuminate/Http/Request), Object(Closure))
#24 D:/projects/emmiox-academy/emmiox-academy/vendor/laravel/framework/src/Illuminate/Pipeline/Pipeline.php(127): Illuminate/Pipeline/Pipeline->Illuminate/Pipeline/{closure}(Object(Illuminate/Http/Request))
#25 D:/projects/emmiox-academy/emmiox-academy/vendor/laravel/framework/src/Illuminate/Routing/Router.php(807): Illuminate/Pipeline/Pipeline->then(Object(Closure))
#26 D:/projects/emmiox-academy/emmiox-academy/vendor/laravel/framework/src/Illuminate/Routing/Router.php(786): Illuminate/Routing/Router->runRouteWithinStack(Object(Illuminate/Routing/Route), Object(Illuminate/Http/Request))
#27 D:/projects/emmiox-academy/emmiox-academy/vendor/laravel/framework/src/Illuminate/Routing/Router.php(750): Illuminate/Routing/Router->runRoute(Object(Illuminate/Http/Request), Object(Illuminate/Routing/Route))
#28 D:/projects/emmiox-academy/emmiox-academy/vendor/laravel/framework/src/Illuminate/Routing/Router.php(739): Illuminate/Routing/Router->dispatchToRoute(Object(Illuminate/Http/Request))
#29 D:/projects/emmiox-academy/emmiox-academy/vendor/laravel/framework/src/Illuminate/Foundation/Http/Kernel.php(201): Illuminate/Routing/Router->dispatch(Object(Illuminate/Http/Request))
#30 D:/projects/emmiox-academy/emmiox-academy/vendor/laravel/framework/src/Illuminate/Pipeline/Pipeline.php(170): Illuminate/Foundation/Http/Kernel->Illuminate/Foundation/Http/{closure}(Object(Illuminate/Http/Request))
#31 D:/projects/emmiox-academy/emmiox-academy/vendor/laravel/framework/src/Illuminate/Foundation/Http/Middleware/TransformsRequest.php(21): Illuminate/Pipeline/Pipeline->Illuminate/Pipeline/{closure}(Object(Illuminate/Http/Request))
#32 D:/projects/emmiox-academy/emmiox-academy/vendor/laravel/framework/src/Illuminate/Foundation/Http/Middleware/ConvertEmptyStringsToNull.php(31): Illuminate/Foundation/Http/Middleware/TransformsRequest->handle(Object(Illuminate/Http/Request), Object(Closure))
#33 D:/projects/emmiox-academy/emmiox-academy/vendor/laravel/framework/src/Illuminate/Pipeline/Pipeline.php(209): Illuminate/Foundation/Http/Middleware/ConvertEmptyStringsToNull->handle(Object(Illuminate/Http/Request), Object(Closure))
#34 D:/projects/emmiox-academy/emmiox-academy/vendor/laravel/framework/src/Illuminate/Foundation/Http/Middleware/TransformsRequest.php(21): Illuminate/Pipeline/Pipeline->Illuminate/Pipeline/{closure}(Object(Illuminate/Http/Request))
#35 D:/projects/emmiox-academy/emmiox-academy/vendor/laravel/framework/src/Illuminate/Foundation/Http/Middleware/TrimStrings.php(51): Illuminate/Foundation/Http/Middleware/TransformsRequest->handle(Object(Illuminate/Http/Request), Object(Closure))
#36 D:/projects/emmiox-academy/emmiox-academy/vendor/laravel/framework/src/Illuminate/Pipeline/Pipeline.php(209): Illuminate/Foundation/Http/Middleware/TrimStrings->handle(Object(Illuminate/Http/Request), Object(Closure))
#37 D:/projects/emmiox-academy/emmiox-academy/vendor/laravel/framework/src/Illuminate/Http/Middleware/ValidatePostSize.php(27): Illuminate/Pipeline/Pipeline->Illuminate/Pipeline/{closure}(Object(Illuminate/Http/Request))
#38 D:/projects/emmiox-academy/emmiox-academy/vendor/laravel/framework/src/Illuminate/Pipeline/Pipeline.php(209): Illuminate/Http/Middleware/ValidatePostSize->handle(Object(Illuminate/Http/Request), Object(Closure))
#39 D:/projects/emmiox-academy/emmiox-academy/vendor/laravel/framework/src/Illuminate/Foundation/Http/Middleware/PreventRequestsDuringMaintenance.php(110): Illuminate/Pipeline/Pipeline->Illuminate/Pipeline/{closure}(Object(Illuminate/Http/Request))
#40 D:/projects/emmiox-academy/emmiox-academy/vendor/laravel/framework/src/Illuminate/Pipeline/Pipeline.php(209): Illuminate/Foundation/Http/Middleware/PreventRequestsDuringMaintenance->handle(Object(Illuminate/Http/Request), Object(Closure))
#41 D:/projects/emmiox-academy/emmiox-academy/vendor/laravel/framework/src/Illuminate/Http/Middleware/HandleCors.php(49): Illuminate/Pipeline/Pipeline->Illuminate/Pipeline/{closure}(Object(Illuminate/Http/Request))
#42 D:/projects/emmiox-academy/emmiox-academy/vendor/laravel/framework/src/Illuminate/Pipeline/Pipeline.php(209): Illuminate/Http/Middleware/HandleCors->handle(Object(Illuminate/Http/Request), Object(Closure))
#43 D:/projects/emmiox-academy/emmiox-academy/vendor/laravel/framework/src/Illuminate/Http/Middleware/TrustProxies.php(58): Illuminate/Pipeline/Pipeline->Illuminate/Pipeline/{closure}(Object(Illuminate/Http/Request))
#44 D:/projects/emmiox-academy/emmiox-academy/vendor/laravel/framework/src/Illuminate/Pipeline/Pipeline.php(209): Illuminate/Http/Middleware/TrustProxies->handle(Object(Illuminate/Http/Request), Object(Closure))
#45 D:/projects/emmiox-academy/emmiox-academy/vendor/laravel/framework/src/Illuminate/Foundation/Http/Middleware/InvokeDeferredCallbacks.php(22): Illuminate/Pipeline/Pipeline->Illuminate/Pipeline/{closure}(Object(Illuminate/Http/Request))
#46 D:/projects/emmiox-academy/emmiox-academy/vendor/laravel/framework/src/Illuminate/Pipeline/Pipeline.php(209): Illuminate/Foundation/Http/Middleware/InvokeDeferredCallbacks->handle(Object(Illuminate/Http/Request), Object(Closure))
#47 D:/projects/emmiox-academy/emmiox-academy/vendor/laravel/framework/src/Illuminate/Pipeline/Pipeline.php(127): Illuminate/Pipeline/Pipeline->Illuminate/Pipeline/{closure}(Object(Illuminate/Http/Request))
#48 D:/projects/emmiox-academy/emmiox-academy/vendor/laravel/framework/src/Illuminate/Foundation/Http/Kernel.php(176): Illuminate/Pipeline/Pipeline->then(Object(Closure))
#49 D:/projects/emmiox-academy/emmiox-academy/vendor/laravel/framework/src/Illuminate/Foundation/Http/Kernel.php(145): Illuminate/Foundation/Http/Kernel->sendRequestThroughRouter(Object(Illuminate/Http/Request))
#50 D:/projects/emmiox-academy/emmiox-academy/vendor/laravel/framework/src/Illuminate/Foundation/Application.php(1220): Illuminate/Foundation/Http/Kernel->handle(Object(Illuminate/Http/Request))
#51 D:/projects/emmiox-academy/emmiox-academy/public/index.php(17): Illuminate/Foundation/Application->handleRequest(Object(Illuminate/Http/Request))
#52 D:/projects/emmiox-academy/emmiox-academy/vendor/laravel/framework/src/Illuminate/Foundation/resources/server.php(23): require_once('D://projects//emm...')
#53 {main}

[previous exception] [object] (Illuminate\\View\\ViewException(code: 0): Vite manifest not found at: D:\\projects\\emmiox-academy\\emmiox-academy\\public\\build/manifest.json (View: D:\\projects\\emmiox-academy\\emmiox-academy\\resources\\views\\components\\layouts\\app.blade.php) (View: D:\\projects\\emmiox-academy\\emmiox-academy\\resources\\views\\components\\layouts\\app.blade.php) at D:/projects/emmiox-academy/emmiox-academy/vendor/laravel/framework/src/Illuminate/Foundation/Vite.php:934)
[stacktrace]
#0 D:/projects/emmiox-academy/emmiox-academy/vendor/laravel/framework/src/Illuminate/View/Engines/PhpEngine.php(60): Illuminate/View/Engines/CompilerEngine->handleViewException(Object(Illuminate/View/ViewException), 2)
#1 D:/projects/emmiox-academy/emmiox-academy/vendor/laravel/framework/src/Illuminate/View/Engines/CompilerEngine.php(75): Illuminate/View/Engines/PhpEngine->evaluatePath('D://projects//emm...', Array)
#2 D:/projects/emmiox-academy/emmiox-academy/vendor/laravel/framework/src/Illuminate/View/View.php(209): Illuminate/View/Engines/CompilerEngine->get('D://projects//emm...', Array)
#3 D:/projects/emmiox-academy/emmiox-academy/vendor/laravel/framework/src/Illuminate/View/View.php(192): Illuminate/View/View->getContents()
#4 D:/projects/emmiox-academy/emmiox-academy/vendor/laravel/framework/src/Illuminate/View/View.php(161): Illuminate/View/View->renderContents()
#5 D:/projects/emmiox-academy/emmiox-academy/vendor/laravel/framework/src/Illuminate/View/Concerns/ManagesComponents.php(103): Illuminate/View/View->render()
#6 D:/projects/emmiox-academy/emmiox-academy/storage/framework/views/3515cf900323f1cf5414c739757f9c43.php(209): Illuminate/View/Factory->renderComponent()
#7 D:/projects/emmiox-academy/emmiox-academy/vendor/laravel/framework/src/Illuminate/Filesystem/Filesystem.php(123): require('D://projects//emm...')
#8 D:/projects/emmiox-academy/emmiox-academy/vendor/laravel/framework/src/Illuminate/Filesystem/Filesystem.php(124): Illuminate/Filesystem/Filesystem::Illuminate/Filesystem/{closure}()
#9 D:/projects/emmiox-academy/emmiox-academy/vendor/laravel/framework/src/Illuminate/View/Engines/PhpEngine.php(58): Illuminate/Filesystem/Filesystem->getRequire('D://projects//emm...', Array)
#10 D:/projects/emmiox-academy/emmiox-academy/vendor/laravel/framework/src/Illuminate/View/Engines/CompilerEngine.php(75): Illuminate/View/Engines/PhpEngine->evaluatePath('D://projects//emm...', Array)
#11 D:/projects/emmiox-academy/emmiox-academy/vendor/laravel/framework/src/Illuminate/View/View.php(209): Illuminate/View/Engines/CompilerEngine->get('D://projects//emm...', Array)
#12 D:/projects/emmiox-academy/emmiox-academy/vendor/laravel/framework/src/Illuminate/View/View.php(192): Illuminate/View/View->getContents()
#13 D:/projects/emmiox-academy/emmiox-academy/vendor/laravel/framework/src/Illuminate/View/View.php(161): Illuminate/View/View->renderContents()
#14 D:/projects/emmiox-academy/emmiox-academy/vendor/laravel/framework/src/Illuminate/Http/Response.php(79): Illuminate/View/View->render()
#15 D:/projects/emmiox-academy/emmiox-academy/vendor/laravel/framework/src/Illuminate/Http/Response.php(35): Illuminate/Http/Response->setContent(Object(Illuminate/View/View))
#16 D:/projects/emmiox-academy/emmiox-academy/vendor/laravel/framework/src/Illuminate/Routing/Router.php(920): Illuminate/Http/Response->__construct(Object(Illuminate/View/View), 200, Array)
#17 D:/projects/emmiox-academy/emmiox-academy/vendor/laravel/framework/src/Illuminate/Routing/Router.php(887): Illuminate/Routing/Router::toResponse(Object(Illuminate/Http/Request), Object(Illuminate/View/View))
#18 D:/projects/emmiox-academy/emmiox-academy/vendor/laravel/framework/src/Illuminate/Routing/Router.php(807): Illuminate/Routing/Router->prepareResponse(Object(Illuminate/Http/Request), Object(Illuminate/View/View))
#19 D:/projects/emmiox-academy/emmiox-academy/vendor/laravel/framework/src/Illuminate/Pipeline/Pipeline.php(170): Illuminate/Routing/Router->Illuminate/Routing/{closure}(Object(Illuminate/Http/Request))
#20 D:/projects/emmiox-academy/emmiox-academy/vendor/laravel/framework/src/Illuminate/Routing/Middleware/SubstituteBindings.php(51): Illuminate/Pipeline/Pipeline->Illuminate/Pipeline/{closure}(Object(Illuminate/Http/Request))
#21 D:/projects/emmiox-academy/emmiox-academy/vendor/laravel/framework/src/Illuminate/Pipeline/Pipeline.php(209): Illuminate/Routing/Middleware/SubstituteBindings->handle(Object(Illuminate/Http/Request), Object(Closure))
#22 D:/projects/emmiox-academy/emmiox-academy/vendor/laravel/framework/src/Illuminate/Foundation/Http/Middleware/VerifyCsrfToken.php(88): Illuminate/Pipeline/Pipeline->Illuminate/Pipeline/{closure}(Object(Illuminate/Http/Request))
#23 D:/projects/emmiox-academy/emmiox-academy/vendor/laravel/framework/src/Illuminate/Pipeline/Pipeline.php(209): Illuminate/Foundation/Http/Middleware/VerifyCsrfToken->handle(Object(Illuminate/Http/Request), Object(Closure))
#24 D:/projects/emmiox-academy/emmiox-academy/vendor/laravel/framework/src/Illuminate/View/Middleware/ShareErrorsFromSession.php(49): Illuminate/Pipeline/Pipeline->Illuminate/Pipeline/{closure}(Object(Illuminate/Http/Request))
#25 D:/projects/emmiox-academy/emmiox-academy/vendor/laravel/framework/src/Illuminate/Pipeline/Pipeline.php(209): Illuminate/View/Middleware/ShareErrorsFromSession->handle(Object(Illuminate/Http/Request), Object(Closure))
#26 D:/projects/emmiox-academy/emmiox-academy/vendor/laravel/framework/src/Illuminate/Session/Middleware/StartSession.php(121): Illuminate/Pipeline/Pipeline->Illuminate/Pipeline/{closure}(Object(Illuminate/Http/Request))
#27 D:/projects/emmiox-academy/emmiox-academy/vendor/laravel/framework/src/Illuminate/Session/Middleware/StartSession.php(64): Illuminate/Session/Middleware/StartSession->handleStatefulRequest(Object(Illuminate/Http/Request), Object(Illuminate/Session/Store), Object(Closure))
#28 D:/projects/emmiox-academy/emmiox-academy/vendor/laravel/framework/src/Illuminate/Pipeline/Pipeline.php(209): Illuminate/Session/Middleware/StartSession->handle(Object(Illuminate/Http/Request), Object(Closure))
#29 D:/projects/emmiox-academy/emmiox-academy/vendor/laravel/framework/src/Illuminate/Cookie/Middleware/AddQueuedCookiesToResponse.php(37): Illuminate/Pipeline/Pipeline->Illuminate/Pipeline/{closure}(Object(Illuminate/Http/Request))
#30 D:/projects/emmiox-academy/emmiox-academy/vendor/laravel/framework/src/Illuminate/Pipeline/Pipeline.php(209): Illuminate/Cookie/Middleware/AddQueuedCookiesToResponse->handle(Object(Illuminate/Http/Request), Object(Closure))
#31 D:/projects/emmiox-academy/emmiox-academy/vendor/laravel/framework/src/Illuminate/Cookie/Middleware/EncryptCookies.php(75): Illuminate/Pipeline/Pipeline->Illuminate/Pipeline/{closure}(Object(Illuminate/Http/Request))
#32 D:/projects/emmiox-academy/emmiox-academy/vendor/laravel/framework/src/Illuminate/Pipeline/Pipeline.php(209): Illuminate/Cookie/Middleware/EncryptCookies->handle(Object(Illuminate/Http/Request), Object(Closure))
#33 D:/projects/emmiox-academy/emmiox-academy/vendor/laravel/framework/src/Illuminate/Pipeline/Pipeline.php(127): Illuminate/Pipeline/Pipeline->Illuminate/Pipeline/{closure}(Object(Illuminate/Http/Request))
#34 D:/projects/emmiox-academy/emmiox-academy/vendor/laravel/framework/src/Illuminate/Routing/Router.php(807): Illuminate/Pipeline/Pipeline->then(Object(Closure))
#35 D:/projects/emmiox-academy/emmiox-academy/vendor/laravel/framework/src/Illuminate/Routing/Router.php(786): Illuminate/Routing/Router->runRouteWithinStack(Object(Illuminate/Routing/Route), Object(Illuminate/Http/Request))
#36 D:/projects/emmiox-academy/emmiox-academy/vendor/laravel/framework/src/Illuminate/Routing/Router.php(750): Illuminate/Routing/Router->runRoute(Object(Illuminate/Http/Request), Object(Illuminate/Routing/Route))
#37 D:/projects/emmiox-academy/emmiox-academy/vendor/laravel/framework/src/Illuminate/Routing/Router.php(739): Illuminate/Routing/Router->dispatchToRoute(Object(Illuminate/Http/Request))
#38 D:/projects/emmiox-academy/emmiox-academy/vendor/laravel/framework/src/Illuminate/Foundation/Http/Kernel.php(201): Illuminate/Routing/Router->dispatch(Object(Illuminate/Http/Request))
#39 D:/projects/emmiox-academy/emmiox-academy/vendor/laravel/framework/src/Illuminate/Pipeline/Pipeline.php(170): Illuminate/Foundation/Http/Kernel->Illuminate/Foundation/Http/{closure}(Object(Illuminate/Http/Request))
#40 D:/projects/emmiox-academy/emmiox-academy/vendor/laravel/framework/src/Illuminate/Foundation/Http/Middleware/TransformsRequest.php(21): Illuminate/Pipeline/Pipeline->Illuminate/Pipeline/{closure}(Object(Illuminate/Http/Request))
#41 D:/projects/emmiox-academy/emmiox-academy/vendor/laravel/framework/src/Illuminate/Foundation/Http/Middleware/ConvertEmptyStringsToNull.php(31): Illuminate/Foundation/Http/Middleware/TransformsRequest->handle(Object(Illuminate/Http/Request), Object(Closure))
#42 D:/projects/emmiox-academy/emmiox-academy/vendor/laravel/framework/src/Illuminate/Pipeline/Pipeline.php(209): Illuminate/Foundation/Http/Middleware/ConvertEmptyStringsToNull->handle(Object(Illuminate/Http/Request), Object(Closure))
#43 D:/projects/emmiox-academy/emmiox-academy/vendor/laravel/framework/src/Illuminate/Foundation/Http/Middleware/TransformsRequest.php(21): Illuminate/Pipeline/Pipeline->Illuminate/Pipeline/{closure}(Object(Illuminate/Http/Request))
#44 D:/projects/emmiox-academy/emmiox-academy/vendor/laravel/framework/src/Illuminate/Foundation/Http/Middleware/TrimStrings.php(51): Illuminate/Foundation/Http/Middleware/TransformsRequest->handle(Object(Illuminate/Http/Request), Object(Closure))
#45 D:/projects/emmiox-academy/emmiox-academy/vendor/laravel/framework/src/Illuminate/Pipeline/Pipeline.php(209): Illuminate/Foundation/Http/Middleware/TrimStrings->handle(Object(Illuminate/Http/Request), Object(Closure))
#46 D:/projects/emmiox-academy/emmiox-academy/vendor/laravel/framework/src/Illuminate/Http/Middleware/ValidatePostSize.php(27): Illuminate/Pipeline/Pipeline->Illuminate/Pipeline/{closure}(Object(Illuminate/Http/Request))
#47 D:/projects/emmiox-academy/emmiox-academy/vendor/laravel/framework/src/Illuminate/Pipeline/Pipeline.php(209): Illuminate/Http/Middleware/ValidatePostSize->handle(Object(Illuminate/Http/Request), Object(Closure))
#48 D:/projects/emmiox-academy/emmiox-academy/vendor/laravel/framework/src/Illuminate/Foundation/Http/Middleware/PreventRequestsDuringMaintenance.php(110): Illuminate/Pipeline/Pipeline->Illuminate/Pipeline/{closure}(Object(Illuminate/Http/Request))
#49 D:/projects/emmiox-academy/emmiox-academy/vendor/laravel/framework/src/Illuminate/Pipeline/Pipeline.php(209): Illuminate/Foundation/Http/Middleware/PreventRequestsDuringMaintenance->handle(Object(Illuminate/Http/Request), Object(Closure))
#50 D:/projects/emmiox-academy/emmiox-academy/vendor/laravel/framework/src/Illuminate/Http/Middleware/HandleCors.php(49): Illuminate/Pipeline/Pipeline->Illuminate/Pipeline/{closure}(Object(Illuminate/Http/Request))
#51 D:/projects/emmiox-academy/emmiox-academy/vendor/laravel/framework/src/Illuminate/Pipeline/Pipeline.php(209): Illuminate/Http/Middleware/HandleCors->handle(Object(Illuminate/Http/Request), Object(Closure))
#52 D:/projects/emmiox-academy/emmiox-academy/vendor/laravel/framework/src/Illuminate/Http/Middleware/TrustProxies.php(58): Illuminate/Pipeline/Pipeline->Illuminate/Pipeline/{closure}(Object(Illuminate/Http/Request))
#53 D:/projects/emmiox-academy/emmiox-academy/vendor/laravel/framework/src/Illuminate/Pipeline/Pipeline.php(209): Illuminate/Http/Middleware/TrustProxies->handle(Object(Illuminate/Http/Request), Object(Closure))
#54 D:/projects/emmiox-academy/emmiox-academy/vendor/laravel/framework/src/Illuminate/Foundation/Http/Middleware/InvokeDeferredCallbacks.php(22): Illuminate/Pipeline/Pipeline->Illuminate/Pipeline/{closure}(Object(Illuminate/Http/Request))
#55 D:/projects/emmiox-academy/emmiox-academy/vendor/laravel/framework/src/Illuminate/Pipeline/Pipeline.php(209): Illuminate/Foundation/Http/Middleware/InvokeDeferredCallbacks->handle(Object(Illuminate/Http/Request), Object(Closure))
#56 D:/projects/emmiox-academy/emmiox-academy/vendor/laravel/framework/src/Illuminate/Pipeline/Pipeline.php(127): Illuminate/Pipeline/Pipeline->Illuminate/Pipeline/{closure}(Object(Illuminate/Http/Request))
#57 D:/projects/emmiox-academy/emmiox-academy/vendor/laravel/framework/src/Illuminate/Foundation/Http/Kernel.php(176): Illuminate/Pipeline/Pipeline->then(Object(Closure))
#58 D:/projects/emmiox-academy/emmiox-academy/vendor/laravel/framework/src/Illuminate/Foundation/Http/Kernel.php(145): Illuminate/Foundation/Http/Kernel->sendRequestThroughRouter(Object(Illuminate/Http/Request))
#59 D:/projects/emmiox-academy/emmiox-academy/vendor/laravel/framework/src/Illuminate/Foundation/Application.php(1220): Illuminate/Foundation/Http/Kernel->handle(Object(Illuminate/Http/Request))
#60 D:/projects/emmiox-academy/emmiox-academy/public/index.php(17): Illuminate/Foundation/Application->handleRequest(Object(Illuminate/Http/Request))
#61 D:/projects/emmiox-academy/emmiox-academy/vendor/laravel/framework/src/Illuminate/Foundation/resources/server.php(23): require_once('D://projects//emm...')
#62 {main}

[previous exception] [object] (Illuminate\\View\\ViewException(code: 0): Vite manifest not found at: D:\\projects\\emmiox-academy\\emmiox-academy\\public\\build/manifest.json (View: D:\\projects\\emmiox-academy\\emmiox-academy\\resources\\views\\components\\layouts\\app.blade.php) at D:/projects/emmiox-academy/emmiox-academy/vendor/laravel/framework/src/Illuminate/Foundation/Vite.php:934)
[stacktrace]
#0 D:/projects/emmiox-academy/emmiox-academy/vendor/laravel/framework/src/Illuminate/View/Engines/PhpEngine.php(60): Illuminate/View/Engines/CompilerEngine->handleViewException(Object(Illuminate/Foundation/ViteManifestNotFoundException), 3)
#1 D:/projects/emmiox-academy/emmiox-academy/vendor/laravel/framework/src/Illuminate/View/Engines/CompilerEngine.php(75): Illuminate/View/Engines/PhpEngine->evaluatePath('D://projects//emm...', Array)
#2 D:/projects/emmiox-academy/emmiox-academy/vendor/laravel/framework/src/Illuminate/View/View.php(209): Illuminate/View/Engines/CompilerEngine->get('D://projects//emm...', Array)
#3 D:/projects/emmiox-academy/emmiox-academy/vendor/laravel/framework/src/Illuminate/View/View.php(192): Illuminate/View/View->getContents()
#4 D:/projects/emmiox-academy/emmiox-academy/vendor/laravel/framework/src/Illuminate/View/View.php(161): Illuminate/View/View->renderContents()
#5 D:/projects/emmiox-academy/emmiox-academy/vendor/laravel/framework/src/Illuminate/View/Concerns/ManagesComponents.php(103): Illuminate/View/View->render()
#6 D:/projects/emmiox-academy/emmiox-academy/storage/framework/views/98ac23a0241b0de7dd2cdc6ffde20945.php(85): Illuminate/View/Factory->renderComponent()
#7 D:/projects/emmiox-academy/emmiox-academy/vendor/laravel/framework/src/Illuminate/Filesystem/Filesystem.php(123): require('D://projects//emm...')
#8 D:/projects/emmiox-academy/emmiox-academy/vendor/laravel/framework/src/Illuminate/Filesystem/Filesystem.php(124): Illuminate/Filesystem/Filesystem::Illuminate/Filesystem/{closure}()
#9 D:/projects/emmiox-academy/emmiox-academy/vendor/laravel/framework/src/Illuminate/View/Engines/PhpEngine.php(58): Illuminate/Filesystem/Filesystem->getRequire('D://projects//emm...', Array)
#10 D:/projects/emmiox-academy/emmiox-academy/vendor/laravel/framework/src/Illuminate/View/Engines/CompilerEngine.php(75): Illuminate/View/Engines/PhpEngine->evaluatePath('D://projects//emm...', Array)
#11 D:/projects/emmiox-academy/emmiox-academy/vendor/laravel/framework/src/Illuminate/View/View.php(209): Illuminate/View/Engines/CompilerEngine->get('D://projects//emm...', Array)
#12 D:/projects/emmiox-academy/emmiox-academy/vendor/laravel/framework/src/Illuminate/View/View.php(192): Illuminate/View/View->getContents()
#13 D:/projects/emmiox-academy/emmiox-academy/vendor/laravel/framework/src/Illuminate/View/View.php(161): Illuminate/View/View->renderContents()
#14 D:/projects/emmiox-academy/emmiox-academy/vendor/laravel/framework/src/Illuminate/View/Concerns/ManagesComponents.php(103): Illuminate/View/View->render()
#15 D:/projects/emmiox-academy/emmiox-academy/storage/framework/views/3515cf900323f1cf5414c739757f9c43.php(209): Illuminate/View/Factory->renderComponent()
#16 D:/projects/emmiox-academy/emmiox-academy/vendor/laravel/framework/src/Illuminate/Filesystem/Filesystem.php(123): require('D://projects//emm...')
#17 D:/projects/emmiox-academy/emmiox-academy/vendor/laravel/framework/src/Illuminate/Filesystem/Filesystem.php(124): Illuminate/Filesystem/Filesystem::Illuminate/Filesystem/{closure}()
#18 D:/projects/emmiox-academy/emmiox-academy/vendor/laravel/framework/src/Illuminate/View/Engines/PhpEngine.php(58): Illuminate/Filesystem/Filesystem->getRequire('D://projects//emm...', Array)
#19 D:/projects/emmiox-academy/emmiox-academy/vendor/laravel/framework/src/Illuminate/View/Engines/CompilerEngine.php(75): Illuminate/View/Engines/PhpEngine->evaluatePath('D://projects//emm...', Array)
#20 D:/projects/emmiox-academy/emmiox-academy/vendor/laravel/framework/src/Illuminate/View/View.php(209): Illuminate/View/Engines/CompilerEngine->get('D://projects//emm...', Array)
#21 D:/projects/emmiox-academy/emmiox-academy/vendor/laravel/framework/src/Illuminate/View/View.php(192): Illuminate/View/View->getContents()
#22 D:/projects/emmiox-academy/emmiox-academy/vendor/laravel/framework/src/Illuminate/View/View.php(161): Illuminate/View/View->renderContents()
#23 D:/projects/emmiox-academy/emmiox-academy/vendor/laravel/framework/src/Illuminate/Http/Response.php(79): Illuminate/View/View->render()
#24 D:/projects/emmiox-academy/emmiox-academy/vendor/laravel/framework/src/Illuminate/Http/Response.php(35): Illuminate/Http/Response->setContent(Object(Illuminate/View/View))
#25 D:/projects/emmiox-academy/emmiox-academy/vendor/laravel/framework/src/Illuminate/Routing/Router.php(920): Illuminate/Http/Response->__construct(Object(Illuminate/View/View), 200, Array)
#26 D:/projects/emmiox-academy/emmiox-academy/vendor/laravel/framework/src/Illuminate/Routing/Router.php(887): Illuminate/Routing/Router::toResponse(Object(Illuminate/Http/Request), Object(Illuminate/View/View))
#27 D:/projects/emmiox-academy/emmiox-academy/vendor/laravel/framework/src/Illuminate/Routing/Router.php(807): Illuminate/Routing/Router->prepareResponse(Object(Illuminate/Http/Request), Object(Illuminate/View/View))
#28 D:/projects/emmiox-academy/emmiox-academy/vendor/laravel/framework/src/Illuminate/Pipeline/Pipeline.php(170): Illuminate/Routing/Router->Illuminate/Routing/{closure}(Object(Illuminate/Http/Request))
#29 D:/projects/emmiox-academy/emmiox-academy/vendor/laravel/framework/src/Illuminate/Routing/Middleware/SubstituteBindings.php(51): Illuminate/Pipeline/Pipeline->Illuminate/Pipeline/{closure}(Object(Illuminate/Http/Request))
#30 D:/projects/emmiox-academy/emmiox-academy/vendor/laravel/framework/src/Illuminate/Pipeline/Pipeline.php(209): Illuminate/Routing/Middleware/SubstituteBindings->handle(Object(Illuminate/Http/Request), Object(Closure))
#31 D:/projects/emmiox-academy/emmiox-academy/vendor/laravel/framework/src/Illuminate/Foundation/Http/Middleware/VerifyCsrfToken.php(88): Illuminate/Pipeline/Pipeline->Illuminate/Pipeline/{closure}(Object(Illuminate/Http/Request))
#32 D:/projects/emmiox-academy/emmiox-academy/vendor/laravel/framework/src/Illuminate/Pipeline/Pipeline.php(209): Illuminate/Foundation/Http/Middleware/VerifyCsrfToken->handle(Object(Illuminate/Http/Request), Object(Closure))
#33 D:/projects/emmiox-academy/emmiox-academy/vendor/laravel/framework/src/Illuminate/View/Middleware/ShareErrorsFromSession.php(49): Illuminate/Pipeline/Pipeline->Illuminate/Pipeline/{closure}(Object(Illuminate/Http/Request))
#34 D:/projects/emmiox-academy/emmiox-academy/vendor/laravel/framework/src/Illuminate/Pipeline/Pipeline.php(209): Illuminate/View/Middleware/ShareErrorsFromSession->handle(Object(Illuminate/Http/Request), Object(Closure))
#35 D:/projects/emmiox-academy/emmiox-academy/vendor/laravel/framework/src/Illuminate/Session/Middleware/StartSession.php(121): Illuminate/Pipeline/Pipeline->Illuminate/Pipeline/{closure}(Object(Illuminate/Http/Request))
#36 D:/projects/emmiox-academy/emmiox-academy/vendor/laravel/framework/src/Illuminate/Session/Middleware/StartSession.php(64): Illuminate/Session/Middleware/StartSession->handleStatefulRequest(Object(Illuminate/Http/Request), Object(Illuminate/Session/Store), Object(Closure))
#37 D:/projects/emmiox-academy/emmiox-academy/vendor/laravel/framework/src/Illuminate/Pipeline/Pipeline.php(209): Illuminate/Session/Middleware/StartSession->handle(Object(Illuminate/Http/Request), Object(Closure))
#38 D:/projects/emmiox-academy/emmiox-academy/vendor/laravel/framework/src/Illuminate/Cookie/Middleware/AddQueuedCookiesToResponse.php(37): Illuminate/Pipeline/Pipeline->Illuminate/Pipeline/{closure}(Object(Illuminate/Http/Request))
#39 D:/projects/emmiox-academy/emmiox-academy/vendor/laravel/framework/src/Illuminate/Pipeline/Pipeline.php(209): Illuminate/Cookie/Middleware/AddQueuedCookiesToResponse->handle(Object(Illuminate/Http/Request), Object(Closure))
#40 D:/projects/emmiox-academy/emmiox-academy/vendor/laravel/framework/src/Illuminate/Cookie/Middleware/EncryptCookies.php(75): Illuminate/Pipeline/Pipeline->Illuminate/Pipeline/{closure}(Object(Illuminate/Http/Request))
#41 D:/projects/emmiox-academy/emmiox-academy/vendor/laravel/framework/src/Illuminate/Pipeline/Pipeline.php(209): Illuminate/Cookie/Middleware/EncryptCookies->handle(Object(Illuminate/Http/Request), Object(Closure))
#42 D:/projects/emmiox-academy/emmiox-academy/vendor/laravel/framework/src/Illuminate/Pipeline/Pipeline.php(127): Illuminate/Pipeline/Pipeline->Illuminate/Pipeline/{closure}(Object(Illuminate/Http/Request))
#43 D:/projects/emmiox-academy/emmiox-academy/vendor/laravel/framework/src/Illuminate/Routing/Router.php(807): Illuminate/Pipeline/Pipeline->then(Object(Closure))
#44 D:/projects/emmiox-academy/emmiox-academy/vendor/laravel/framework/src/Illuminate/Routing/Router.php(786): Illuminate/Routing/Router->runRouteWithinStack(Object(Illuminate/Routing/Route), Object(Illuminate/Http/Request))
#45 D:/projects/emmiox-academy/emmiox-academy/vendor/laravel/framework/src/Illuminate/Routing/Router.php(750): Illuminate/Routing/Router->runRoute(Object(Illuminate/Http/Request), Object(Illuminate/Routing/Route))
#46 D:/projects/emmiox-academy/emmiox-academy/vendor/laravel/framework/src/Illuminate/Routing/Router.php(739): Illuminate/Routing/Router->dispatchToRoute(Object(Illuminate/Http/Request))
#47 D:/projects/emmiox-academy/emmiox-academy/vendor/laravel/framework/src/Illuminate/Foundation/Http/Kernel.php(201): Illuminate/Routing/Router->dispatch(Object(Illuminate/Http/Request))
#48 D:/projects/emmiox-academy/emmiox-academy/vendor/laravel/framework/src/Illuminate/Pipeline/Pipeline.php(170): Illuminate/Foundation/Http/Kernel->Illuminate/Foundation/Http/{closure}(Object(Illuminate/Http/Request))
#49 D:/projects/emmiox-academy/emmiox-academy/vendor/laravel/framework/src/Illuminate/Foundation/Http/Middleware/TransformsRequest.php(21): Illuminate/Pipeline/Pipeline->Illuminate/Pipeline/{closure}(Object(Illuminate/Http/Request))
#50 D:/projects/emmiox-academy/emmiox-academy/vendor/laravel/framework/src/Illuminate/Foundation/Http/Middleware/ConvertEmptyStringsToNull.php(31): Illuminate/Foundation/Http/Middleware/TransformsRequest->handle(Object(Illuminate/Http/Request), Object(Closure))
#51 D:/projects/emmiox-academy/emmiox-academy/vendor/laravel/framework/src/Illuminate/Pipeline/Pipeline.php(209): Illuminate/Foundation/Http/Middleware/ConvertEmptyStringsToNull->handle(Object(Illuminate/Http/Request), Object(Closure))
#52 D:/projects/emmiox-academy/emmiox-academy/vendor/laravel/framework/src/Illuminate/Foundation/Http/Middleware/TransformsRequest.php(21): Illuminate/Pipeline/Pipeline->Illuminate/Pipeline/{closure}(Object(Illuminate/Http/Request))
#53 D:/projects/emmiox-academy/emmiox-academy/vendor/laravel/framework/src/Illuminate/Foundation/Http/Middleware/TrimStrings.php(51): Illuminate/Foundation/Http/Middleware/TransformsRequest->handle(Object(Illuminate/Http/Request), Object(Closure))
#54 D:/projects/emmiox-academy/emmiox-academy/vendor/laravel/framework/src/Illuminate/Pipeline/Pipeline.php(209): Illuminate/Foundation/Http/Middleware/TrimStrings->handle(Object(Illuminate/Http/Request), Object(Closure))
#55 D:/projects/emmiox-academy/emmiox-academy/vendor/laravel/framework/src/Illuminate/Http/Middleware/ValidatePostSize.php(27): Illuminate/Pipeline/Pipeline->Illuminate/Pipeline/{closure}(Object(Illuminate/Http/Request))
#56 D:/projects/emmiox-academy/emmiox-academy/vendor/laravel/framework/src/Illuminate/Pipeline/Pipeline.php(209): Illuminate/Http/Middleware/ValidatePostSize->handle(Object(Illuminate/Http/Request), Object(Closure))
#57 D:/projects/emmiox-academy/emmiox-academy/vendor/laravel/framework/src/Illuminate/Foundation/Http/Middleware/PreventRequestsDuringMaintenance.php(110): Illuminate/Pipeline/Pipeline->Illuminate/Pipeline/{closure}(Object(Illuminate/Http/Request))
#58 D:/projects/emmiox-academy/emmiox-academy/vendor/laravel/framework/src/Illuminate/Pipeline/Pipeline.php(209): Illuminate/Foundation/Http/Middleware/PreventRequestsDuringMaintenance->handle(Object(Illuminate/Http/Request), Object(Closure))
#59 D:/projects/emmiox-academy/emmiox-academy/vendor/laravel/framework/src/Illuminate/Http/Middleware/HandleCors.php(49): Illuminate/Pipeline/Pipeline->Illuminate/Pipeline/{closure}(Object(Illuminate/Http/Request))
#60 D:/projects/emmiox-academy/emmiox-academy/vendor/laravel/framework/src/Illuminate/Pipeline/Pipeline.php(209): Illuminate/Http/Middleware/HandleCors->handle(Object(Illuminate/Http/Request), Object(Closure))
#61 D:/projects/emmiox-academy/emmiox-academy/vendor/laravel/framework/src/Illuminate/Http/Middleware/TrustProxies.php(58): Illuminate/Pipeline/Pipeline->Illuminate/Pipeline/{closure}(Object(Illuminate/Http/Request))
#62 D:/projects/emmiox-academy/emmiox-academy/vendor/laravel/framework/src/Illuminate/Pipeline/Pipeline.php(209): Illuminate/Http/Middleware/TrustProxies->handle(Object(Illuminate/Http/Request), Object(Closure))
#63 D:/projects/emmiox-academy/emmiox-academy/vendor/laravel/framework/src/Illuminate/Foundation/Http/Middleware/InvokeDeferredCallbacks.php(22): Illuminate/Pipeline/Pipeline->Illuminate/Pipeline/{closure}(Object(Illuminate/Http/Request))
#64 D:/projects/emmiox-academy/emmiox-academy/vendor/laravel/framework/src/Illuminate/Pipeline/Pipeline.php(209): Illuminate/Foundation/Http/Middleware/InvokeDeferredCallbacks->handle(Object(Illuminate/Http/Request), Object(Closure))
#65 D:/projects/emmiox-academy/emmiox-academy/vendor/laravel/framework/src/Illuminate/Pipeline/Pipeline.php(127): Illuminate/Pipeline/Pipeline->Illuminate/Pipeline/{closure}(Object(Illuminate/Http/Request))
#66 D:/projects/emmiox-academy/emmiox-academy/vendor/laravel/framework/src/Illuminate/Foundation/Http/Kernel.php(176): Illuminate/Pipeline/Pipeline->then(Object(Closure))
#67 D:/projects/emmiox-academy/emmiox-academy/vendor/laravel/framework/src/Illuminate/Foundation/Http/Kernel.php(145): Illuminate/Foundation/Http/Kernel->sendRequestThroughRouter(Object(Illuminate/Http/Request))
#68 D:/projects/emmiox-academy/emmiox-academy/vendor/laravel/framework/src/Illuminate/Foundation/Application.php(1220): Illuminate/Foundation/Http/Kernel->handle(Object(Illuminate/Http/Request))
#69 D:/projects/emmiox-academy/emmiox-academy/public/index.php(17): Illuminate/Foundation/Application->handleRequest(Object(Illuminate/Http/Request))
#70 D:/projects/emmiox-academy/emmiox-academy/vendor/laravel/framework/src/Illuminate/Foundation/resources/server.php(23): require_once('D://projects//emm...')
#71 {main}

[previous exception] [object] (Illuminate\\Foundation\\ViteManifestNotFoundException(code: 0): Vite manifest not found at: D:\\projects\\emmiox-academy\\emmiox-academy\\public\\build/manifest.json at D:/projects/emmiox-academy/emmiox-academy/vendor/laravel/framework/src/Illuminate/Foundation/Vite.php:934)
[stacktrace]
#0 D:/projects/emmiox-academy/emmiox-academy/vendor/laravel/framework/src/Illuminate/Foundation/Vite.php(384): Illuminate/Foundation/Vite->manifest('build')
#1 D:/projects/emmiox-academy/emmiox-academy/storage/framework/views/81a7c3e32b2ba3eefd75017703d188f4.php(10): Illuminate/Foundation/Vite->__invoke(Object(Illuminate/Support/Collection))
#2 D:/projects/emmiox-academy/emmiox-academy/vendor/laravel/framework/src/Illuminate/Filesystem/Filesystem.php(123): require('D://projects//emm...')
#3 D:/projects/emmiox-academy/emmiox-academy/vendor/laravel/framework/src/Illuminate/Filesystem/Filesystem.php(124): Illuminate/Filesystem/Filesystem::Illuminate/Filesystem/{closure}()
#4 D:/projects/emmiox-academy/emmiox-academy/vendor/laravel/framework/src/Illuminate/View/Engines/PhpEngine.php(58): Illuminate/Filesystem/Filesystem->getRequire('D://projects//emm...', Array)
#5 D:/projects/emmiox-academy/emmiox-academy/vendor/laravel/framework/src/Illuminate/View/Engines/CompilerEngine.php(75): Illuminate/View/Engines/PhpEngine->evaluatePath('D://projects//emm...', Array)
#6 D:/projects/emmiox-academy/emmiox-academy/vendor/laravel/framework/src/Illuminate/View/View.php(209): Illuminate/View/Engines/CompilerEngine->get('D://projects//emm...', Array)
#7 D:/projects/emmiox-academy/emmiox-academy/vendor/laravel/framework/src/Illuminate/View/View.php(192): Illuminate/View/View->getContents()
#8 D:/projects/emmiox-academy/emmiox-academy/vendor/laravel/framework/src/Illuminate/View/View.php(161): Illuminate/View/View->renderContents()
#9 D:/projects/emmiox-academy/emmiox-academy/vendor/laravel/framework/src/Illuminate/View/Concerns/ManagesComponents.php(103): Illuminate/View/View->render()
#10 D:/projects/emmiox-academy/emmiox-academy/storage/framework/views/98ac23a0241b0de7dd2cdc6ffde20945.php(85): Illuminate/View/Factory->renderComponent()
#11 D:/projects/emmiox-academy/emmiox-academy/vendor/laravel/framework/src/Illuminate/Filesystem/Filesystem.php(123): require('D://projects//emm...')
#12 D:/projects/emmiox-academy/emmiox-academy/vendor/laravel/framework/src/Illuminate/Filesystem/Filesystem.php(124): Illuminate/Filesystem/Filesystem::Illuminate/Filesystem/{closure}()
#13 D:/projects/emmiox-academy/emmiox-academy/vendor/laravel/framework/src/Illuminate/View/Engines/PhpEngine.php(58): Illuminate/Filesystem/Filesystem->getRequire('D://projects//emm...', Array)
#14 D:/projects/emmiox-academy/emmiox-academy/vendor/laravel/framework/src/Illuminate/View/Engines/CompilerEngine.php(75): Illuminate/View/Engines/PhpEngine->evaluatePath('D://projects//emm...', Array)
#15 D:/projects/emmiox-academy/emmiox-academy/vendor/laravel/framework/src/Illuminate/View/View.php(209): Illuminate/View/Engines/CompilerEngine->get('D://projects//emm...', Array)
#16 D:/projects/emmiox-academy/emmiox-academy/vendor/laravel/framework/src/Illuminate/View/View.php(192): Illuminate/View/View->getContents()
#17 D:/projects/emmiox-academy/emmiox-academy/vendor/laravel/framework/src/Illuminate/View/View.php(161): Illuminate/View/View->renderContents()
#18 D:/projects/emmiox-academy/emmiox-academy/vendor/laravel/framework/src/Illuminate/View/Concerns/ManagesComponents.php(103): Illuminate/View/View->render()
#19 D:/projects/emmiox-academy/emmiox-academy/storage/framework/views/3515cf900323f1cf5414c739757f9c43.php(209): Illuminate/View/Factory->renderComponent()
#20 D:/projects/emmiox-academy/emmiox-academy/vendor/laravel/framework/src/Illuminate/Filesystem/Filesystem.php(123): require('D://projects//emm...')
#21 D:/projects/emmiox-academy/emmiox-academy/vendor/laravel/framework/src/Illuminate/Filesystem/Filesystem.php(124): Illuminate/Filesystem/Filesystem::Illuminate/Filesystem/{closure}()
#22 D:/projects/emmiox-academy/emmiox-academy/vendor/laravel/framework/src/Illuminate/View/Engines/PhpEngine.php(58): Illuminate/Filesystem/Filesystem->getRequire('D://projects//emm...', Array)
#23 D:/projects/emmiox-academy/emmiox-academy/vendor/laravel/framework/src/Illuminate/View/Engines/CompilerEngine.php(75): Illuminate/View/Engines/PhpEngine->evaluatePath('D://projects//emm...', Array)
#24 D:/projects/emmiox-academy/emmiox-academy/vendor/laravel/framework/src/Illuminate/View/View.php(209): Illuminate/View/Engines/CompilerEngine->get('D://projects//emm...', Array)
#25 D:/projects/emmiox-academy/emmiox-academy/vendor/laravel/framework/src/Illuminate/View/View.php(192): Illuminate/View/View->getContents()
#26 D:/projects/emmiox-academy/emmiox-academy/vendor/laravel/framework/src/Illuminate/View/View.php(161): Illuminate/View/View->renderContents()
#27 D:/projects/emmiox-academy/emmiox-academy/vendor/laravel/framework/src/Illuminate/Http/Response.php(79): Illuminate/View/View->render()
#28 D:/projects/emmiox-academy/emmiox-academy/vendor/laravel/framework/src/Illuminate/Http/Response.php(35): Illuminate/Http/Response->setContent(Object(Illuminate/View/View))
#29 D:/projects/emmiox-academy/emmiox-academy/vendor/laravel/framework/src/Illuminate/Routing/Router.php(920): Illuminate/Http/Response->__construct(Object(Illuminate/View/View), 200, Array)
#30 D:/projects/emmiox-academy/emmiox-academy/vendor/laravel/framework/src/Illuminate/Routing/Router.php(887): Illuminate/Routing/Router::toResponse(Object(Illuminate/Http/Request), Object(Illuminate/View/View))
#31 D:/projects/emmiox-academy/emmiox-academy/vendor/laravel/framework/src/Illuminate/Routing/Router.php(807): Illuminate/Routing/Router->prepareResponse(Object(Illuminate/Http/Request), Object(Illuminate/View/View))
#32 D:/projects/emmiox-academy/emmiox-academy/vendor/laravel/framework/src/Illuminate/Pipeline/Pipeline.php(170): Illuminate/Routing/Router->Illuminate/Routing/{closure}(Object(Illuminate/Http/Request))
#33 D:/projects/emmiox-academy/emmiox-academy/vendor/laravel/framework/src/Illuminate/Routing/Middleware/SubstituteBindings.php(51): Illuminate/Pipeline/Pipeline->Illuminate/Pipeline/{closure}(Object(Illuminate/Http/Request))
#34 D:/projects/emmiox-academy/emmiox-academy/vendor/laravel/framework/src/Illuminate/Pipeline/Pipeline.php(209): Illuminate/Routing/Middleware/SubstituteBindings->handle(Object(Illuminate/Http/Request), Object(Closure))
#35 D:/projects/emmiox-academy/emmiox-academy/vendor/laravel/framework/src/Illuminate/Foundation/Http/Middleware/VerifyCsrfToken.php(88): Illuminate/Pipeline/Pipeline->Illuminate/Pipeline/{closure}(Object(Illuminate/Http/Request))
#36 D:/projects/emmiox-academy/emmiox-academy/vendor/laravel/framework/src/Illuminate/Pipeline/Pipeline.php(209): Illuminate/Foundation/Http/Middleware/VerifyCsrfToken->handle(Object(Illuminate/Http/Request), Object(Closure))
#37 D:/projects/emmiox-academy/emmiox-academy/vendor/laravel/framework/src/Illuminate/View/Middleware/ShareErrorsFromSession.php(49): Illuminate/Pipeline/Pipeline->Illuminate/Pipeline/{closure}(Object(Illuminate/Http/Request))
#38 D:/projects/emmiox-academy/emmiox-academy/vendor/laravel/framework/src/Illuminate/Pipeline/Pipeline.php(209): Illuminate/View/Middleware/ShareErrorsFromSession->handle(Object(Illuminate/Http/Request), Object(Closure))
#39 D:/projects/emmiox-academy/emmiox-academy/vendor/laravel/framework/src/Illuminate/Session/Middleware/StartSession.php(121): Illuminate/Pipeline/Pipeline->Illuminate/Pipeline/{closure}(Object(Illuminate/Http/Request))
#40 D:/projects/emmiox-academy/emmiox-academy/vendor/laravel/framework/src/Illuminate/Session/Middleware/StartSession.php(64): Illuminate/Session/Middleware/StartSession->handleStatefulRequest(Object(Illuminate/Http/Request), Object(Illuminate/Session/Store), Object(Closure))
#41 D:/projects/emmiox-academy/emmiox-academy/vendor/laravel/framework/src/Illuminate/Pipeline/Pipeline.php(209): Illuminate/Session/Middleware/StartSession->handle(Object(Illuminate/Http/Request), Object(Closure))
#42 D:/projects/emmiox-academy/emmiox-academy/vendor/laravel/framework/src/Illuminate/Cookie/Middleware/AddQueuedCookiesToResponse.php(37): Illuminate/Pipeline/Pipeline->Illuminate/Pipeline/{closure}(Object(Illuminate/Http/Request))
#43 D:/projects/emmiox-academy/emmiox-academy/vendor/laravel/framework/src/Illuminate/Pipeline/Pipeline.php(209): Illuminate/Cookie/Middleware/AddQueuedCookiesToResponse->handle(Object(Illuminate/Http/Request), Object(Closure))
#44 D:/projects/emmiox-academy/emmiox-academy/vendor/laravel/framework/src/Illuminate/Cookie/Middleware/EncryptCookies.php(75): Illuminate/Pipeline/Pipeline->Illuminate/Pipeline/{closure}(Object(Illuminate/Http/Request))
#45 D:/projects/emmiox-academy/emmiox-academy/vendor/laravel/framework/src/Illuminate/Pipeline/Pipeline.php(209): Illuminate/Cookie/Middleware/EncryptCookies->handle(Object(Illuminate/Http/Request), Object(Closure))
#46 D:/projects/emmiox-academy/emmiox-academy/vendor/laravel/framework/src/Illuminate/Pipeline/Pipeline.php(127): Illuminate/Pipeline/Pipeline->Illuminate/Pipeline/{closure}(Object(Illuminate/Http/Request))
#47 D:/projects/emmiox-academy/emmiox-academy/vendor/laravel/framework/src/Illuminate/Routing/Router.php(807): Illuminate/Pipeline/Pipeline->then(Object(Closure))
#48 D:/projects/emmiox-academy/emmiox-academy/vendor/laravel/framework/src/Illuminate/Routing/Router.php(786): Illuminate/Routing/Router->runRouteWithinStack(Object(Illuminate/Routing/Route), Object(Illuminate/Http/Request))
#49 D:/projects/emmiox-academy/emmiox-academy/vendor/laravel/framework/src/Illuminate/Routing/Router.php(750): Illuminate/Routing/Router->runRoute(Object(Illuminate/Http/Request), Object(Illuminate/Routing/Route))
#50 D:/projects/emmiox-academy/emmiox-academy/vendor/laravel/framework/src/Illuminate/Routing/Router.php(739): Illuminate/Routing/Router->dispatchToRoute(Object(Illuminate/Http/Request))
#51 D:/projects/emmiox-academy/emmiox-academy/vendor/laravel/framework/src/Illuminate/Foundation/Http/Kernel.php(201): Illuminate/Routing/Router->dispatch(Object(Illuminate/Http/Request))
#52 D:/projects/emmiox-academy/emmiox-academy/vendor/laravel/framework/src/Illuminate/Pipeline/Pipeline.php(170): Illuminate/Foundation/Http/Kernel->Illuminate/Foundation/Http/{closure}(Object(Illuminate/Http/Request))
#53 D:/projects/emmiox-academy/emmiox-academy/vendor/laravel/framework/src/Illuminate/Foundation/Http/Middleware/TransformsRequest.php(21): Illuminate/Pipeline/Pipeline->Illuminate/Pipeline/{closure}(Object(Illuminate/Http/Request))
#54 D:/projects/emmiox-academy/emmiox-academy/vendor/laravel/framework/src/Illuminate/Foundation/Http/Middleware/ConvertEmptyStringsToNull.php(31): Illuminate/Foundation/Http/Middleware/TransformsRequest->handle(Object(Illuminate/Http/Request), Object(Closure))
#55 D:/projects/emmiox-academy/emmiox-academy/vendor/laravel/framework/src/Illuminate/Pipeline/Pipeline.php(209): Illuminate/Foundation/Http/Middleware/ConvertEmptyStringsToNull->handle(Object(Illuminate/Http/Request), Object(Closure))
#56 D:/projects/emmiox-academy/emmiox-academy/vendor/laravel/framework/src/Illuminate/Foundation/Http/Middleware/TransformsRequest.php(21): Illuminate/Pipeline/Pipeline->Illuminate/Pipeline/{closure}(Object(Illuminate/Http/Request))
#57 D:/projects/emmiox-academy/emmiox-academy/vendor/laravel/framework/src/Illuminate/Foundation/Http/Middleware/TrimStrings.php(51): Illuminate/Foundation/Http/Middleware/TransformsRequest->handle(Object(Illuminate/Http/Request), Object(Closure))
#58 D:/projects/emmiox-academy/emmiox-academy/vendor/laravel/framework/src/Illuminate/Pipeline/Pipeline.php(209): Illuminate/Foundation/Http/Middleware/TrimStrings->handle(Object(Illuminate/Http/Request), Object(Closure))
#59 D:/projects/emmiox-academy/emmiox-academy/vendor/laravel/framework/src/Illuminate/Http/Middleware/ValidatePostSize.php(27): Illuminate/Pipeline/Pipeline->Illuminate/Pipeline/{closure}(Object(Illuminate/Http/Request))
#60 D:/projects/emmiox-academy/emmiox-academy/vendor/laravel/framework/src/Illuminate/Pipeline/Pipeline.php(209): Illuminate/Http/Middleware/ValidatePostSize->handle(Object(Illuminate/Http/Request), Object(Closure))
#61 D:/projects/emmiox-academy/emmiox-academy/vendor/laravel/framework/src/Illuminate/Foundation/Http/Middleware/PreventRequestsDuringMaintenance.php(110): Illuminate/Pipeline/Pipeline->Illuminate/Pipeline/{closure}(Object(Illuminate/Http/Request))
#62 D:/projects/emmiox-academy/emmiox-academy/vendor/laravel/framework/src/Illuminate/Pipeline/Pipeline.php(209): Illuminate/Foundation/Http/Middleware/PreventRequestsDuringMaintenance->handle(Object(Illuminate/Http/Request), Object(Closure))
#63 D:/projects/emmiox-academy/emmiox-academy/vendor/laravel/framework/src/Illuminate/Http/Middleware/HandleCors.php(49): Illuminate/Pipeline/Pipeline->Illuminate/Pipeline/{closure}(Object(Illuminate/Http/Request))
#64 D:/projects/emmiox-academy/emmiox-academy/vendor/laravel/framework/src/Illuminate/Pipeline/Pipeline.php(209): Illuminate/Http/Middleware/HandleCors->handle(Object(Illuminate/Http/Request), Object(Closure))
#65 D:/projects/emmiox-academy/emmiox-academy/vendor/laravel/framework/src/Illuminate/Http/Middleware/TrustProxies.php(58): Illuminate/Pipeline/Pipeline->Illuminate/Pipeline/{closure}(Object(Illuminate/Http/Request))
#66 D:/projects/emmiox-academy/emmiox-academy/vendor/laravel/framework/src/Illuminate/Pipeline/Pipeline.php(209): Illuminate/Http/Middleware/TrustProxies->handle(Object(Illuminate/Http/Request), Object(Closure))
#67 D:/projects/emmiox-academy/emmiox-academy/vendor/laravel/framework/src/Illuminate/Foundation/Http/Middleware/InvokeDeferredCallbacks.php(22): Illuminate/Pipeline/Pipeline->Illuminate/Pipeline/{closure}(Object(Illuminate/Http/Request))
#68 D:/projects/emmiox-academy/emmiox-academy/vendor/laravel/framework/src/Illuminate/Pipeline/Pipeline.php(209): Illuminate/Foundation/Http/Middleware/InvokeDeferredCallbacks->handle(Object(Illuminate/Http/Request), Object(Closure))
#69 D:/projects/emmiox-academy/emmiox-academy/vendor/laravel/framework/src/Illuminate/Pipeline/Pipeline.php(127): Illuminate/Pipeline/Pipeline->Illuminate/Pipeline/{closure}(Object(Illuminate/Http/Request))
#70 D:/projects/emmiox-academy/emmiox-academy/vendor/laravel/framework/src/Illuminate/Foundation/Http/Kernel.php(176): Illuminate/Pipeline/Pipeline->then(Object(Closure))
#71 D:/projects/emmiox-academy/emmiox-academy/vendor/laravel/framework/src/Illuminate/Foundation/Http/Kernel.php(145): Illuminate/Foundation/Http/Kernel->sendRequestThroughRouter(Object(Illuminate/Http/Request))
#72 D:/projects/emmiox-academy/emmiox-academy/vendor/laravel/framework/src/Illuminate/Foundation/Application.php(1220): Illuminate/Foundation/Http/Kernel->handle(Object(Illuminate/Http/Request))
#73 D:/projects/emmiox-academy/emmiox-academy/public/index.php(17): Illuminate/Foundation/Application->handleRequest(Object(Illuminate/Http/Request))
#74 D:/projects/emmiox-academy/emmiox-academy/vendor/laravel/framework/src/Illuminate/Foundation/resources/server.php(23): require_once('D://projects//emm...')
#75 {main}
"} 
[2026-08-22 10:44:12] local.ERROR: SQLSTATE[42S02]: Base table or view not found: 1146 Table 'emmiox_academy.settings' doesn't exist (Connection: mysql, SQL: select * from `settings` where `settings`.`key` = registration_fee limit 1) {"userId":1,"exception":"[object] (Illuminate\\Database\\QueryException(code: 42S02): SQLSTATE[42S02]: Base table or view not found: 1146 Table 'emmiox_academy.settings' doesn't exist (Connection: mysql, SQL: select * from `settings` where `settings`.`key` = registration_fee limit 1) at D:/projects/emmiox-academy/emmiox-academy/vendor/laravel/framework/src/Illuminate/Database/Connection.php:825)
[stacktrace]
#0 D:/projects/emmiox-academy/emmiox-academy/vendor/laravel/framework/src/Illuminate/Database/Connection.php(779): Illuminate/Database/Connection->runQueryCallback('select * from `...', Array, Object(Closure))
#1 D:/projects/emmiox-academy/emmiox-academy/vendor/laravel/framework/src/Illuminate/Database/Connection.php(398): Illuminate/Database/Connection->run('select * from `...', Array, Object(Closure))
#2 D:/projects/emmiox-academy/emmiox-academy/vendor/laravel/framework/src/Illuminate/Database/Query/Builder.php(3106): Illuminate/Database/Connection->select('select * from `...', Array, true)
#3 D:/projects/emmiox-academy/emmiox-academy/vendor/laravel/framework/src/Illuminate/Database/Query/Builder.php(3091): Illuminate/Database/Query/Builder->runSelect()
#4 D:/projects/emmiox-academy/emmiox-academy/vendor/laravel/framework/src/Illuminate/Database/Query/Builder.php(3676): Illuminate/Database/Query/Builder->Illuminate/Database/Query/{closure}()
#5 D:/projects/emmiox-academy/emmiox-academy/vendor/laravel/framework/src/Illuminate/Database/Query/Builder.php(3090): Illuminate/Database/Query/Builder->onceWithColumns(Array, Object(Closure))
#6 D:/projects/emmiox-academy/emmiox-academy/vendor/laravel/framework/src/Illuminate/Database/Eloquent/Builder.php(811): Illuminate/Database/Query/Builder->get(Array)
#7 D:/projects/emmiox-academy/emmiox-academy/vendor/laravel/framework/src/Illuminate/Database/Eloquent/Builder.php(793): Illuminate/Database/Eloquent/Builder->getModels(Array)
#8 D:/projects/emmiox-academy/emmiox-academy/vendor/laravel/framework/src/Illuminate/Database/Concerns/BuildsQueries.php(343): Illuminate/Database/Eloquent/Builder->get(Array)
#9 D:/projects/emmiox-academy/emmiox-academy/vendor/laravel/framework/src/Illuminate/Database/Eloquent/Builder.php(477): Illuminate/Database/Eloquent/Builder->first(Array)
#10 D:/projects/emmiox-academy/emmiox-academy/vendor/laravel/framework/src/Illuminate/Support/Traits/ForwardsCalls.php(23): Illuminate/Database/Eloquent/Builder->find('registration_fe...')
#11 D:/projects/emmiox-academy/emmiox-academy/vendor/laravel/framework/src/Illuminate/Database/Eloquent/Model.php(2372): Illuminate/Database/Eloquent/Model->forwardCallTo(Object(Illuminate/Database/Eloquent/Builder), 'find', Array)
#12 D:/projects/emmiox-academy/emmiox-academy/vendor/laravel/framework/src/Illuminate/Database/Eloquent/Model.php(2384): Illuminate/Database/Eloquent/Model->__call('find', Array)
#13 D:/projects/emmiox-academy/emmiox-academy/app/Models/Setting.php(19): Illuminate/Database/Eloquent/Model::__callStatic('find', Array)
#14 D:/projects/emmiox-academy/emmiox-academy/app/Http/Controllers/Admin/PricingController.php(23): App/Models/Setting::get('registration_fe...', '50.00')
#15 D:/projects/emmiox-academy/emmiox-academy/vendor/laravel/framework/src/Illuminate/Routing/ControllerDispatcher.php(47): App/Http/Controllers/Admin/PricingController->index()
#16 D:/projects/emmiox-academy/emmiox-academy/vendor/laravel/framework/src/Illuminate/Routing/Route.php(266): Illuminate/Routing/ControllerDispatcher->dispatch(Object(Illuminate/Routing/Route), Object(App/Http/Controllers/Admin/PricingController), 'index')
#17 D:/projects/emmiox-academy/emmiox-academy/vendor/laravel/framework/src/Illuminate/Routing/Route.php(212): Illuminate/Routing/Route->runController()
#18 D:/projects/emmiox-academy/emmiox-academy/vendor/laravel/framework/src/Illuminate/Routing/Router.php(808): Illuminate/Routing/Route->run()
#19 D:/projects/emmiox-academy/emmiox-academy/vendor/laravel/framework/src/Illuminate/Pipeline/Pipeline.php(170): Illuminate/Routing/Router->Illuminate/Routing/{closure}(Object(Illuminate/Http/Request))
#20 D:/projects/emmiox-academy/emmiox-academy/app/Http/Middleware/EnsureUserIsAdmin.php(17): Illuminate/Pipeline/Pipeline->Illuminate/Pipeline/{closure}(Object(Illuminate/Http/Request))
#21 D:/projects/emmiox-academy/emmiox-academy/vendor/laravel/framework/src/Illuminate/Pipeline/Pipeline.php(209): App/Http/Middleware/EnsureUserIsAdmin->handle(Object(Illuminate/Http/Request), Object(Closure))
#22 D:/projects/emmiox-academy/emmiox-academy/vendor/laravel/framework/src/Illuminate/Routing/Middleware/SubstituteBindings.php(51): Illuminate/Pipeline/Pipeline->Illuminate/Pipeline/{closure}(Object(Illuminate/Http/Request))
#23 D:/projects/emmiox-academy/emmiox-academy/vendor/laravel/framework/src/Illuminate/Pipeline/Pipeline.php(209): Illuminate/Routing/Middleware/SubstituteBindings->handle(Object(Illuminate/Http/Request), Object(Closure))
#24 D:/projects/emmiox-academy/emmiox-academy/vendor/laravel/framework/src/Illuminate/Auth/Middleware/Authenticate.php(64): Illuminate/Pipeline/Pipeline->Illuminate/Pipeline/{closure}(Object(Illuminate/Http/Request))
#25 D:/projects/emmiox-academy/emmiox-academy/vendor/laravel/framework/src/Illuminate/Pipeline/Pipeline.php(209): Illuminate/Auth/Middleware/Authenticate->handle(Object(Illuminate/Http/Request), Object(Closure))
#26 D:/projects/emmiox-academy/emmiox-academy/vendor/laravel/framework/src/Illuminate/Foundation/Http/Middleware/VerifyCsrfToken.php(88): Illuminate/Pipeline/Pipeline->Illuminate/Pipeline/{closure}(Object(Illuminate/Http/Request))
#27 D:/projects/emmiox-academy/emmiox-academy/vendor/laravel/framework/src/Illuminate/Pipeline/Pipeline.php(209): Illuminate/Foundation/Http/Middleware/VerifyCsrfToken->handle(Object(Illuminate/Http/Request), Object(Closure))
#28 D:/projects/emmiox-academy/emmiox-academy/vendor/laravel/framework/src/Illuminate/View/Middleware/ShareErrorsFromSession.php(49): Illuminate/Pipeline/Pipeline->Illuminate/Pipeline/{closure}(Object(Illuminate/Http/Request))
#29 D:/projects/emmiox-academy/emmiox-academy/vendor/laravel/framework/src/Illuminate/Pipeline/Pipeline.php(209): Illuminate/View/Middleware/ShareErrorsFromSession->handle(Object(Illuminate/Http/Request), Object(Closure))
#30 D:/projects/emmiox-academy/emmiox-academy/vendor/laravel/framework/src/Illuminate/Session/Middleware/StartSession.php(121): Illuminate/Pipeline/Pipeline->Illuminate/Pipeline/{closure}(Object(Illuminate/Http/Request))
#31 D:/projects/emmiox-academy/emmiox-academy/vendor/laravel/framework/src/Illuminate/Session/Middleware/StartSession.php(64): Illuminate/Session/Middleware/StartSession->handleStatefulRequest(Object(Illuminate/Http/Request), Object(Illuminate/Session/Store), Object(Closure))
#32 D:/projects/emmiox-academy/emmiox-academy/vendor/laravel/framework/src/Illuminate/Pipeline/Pipeline.php(209): Illuminate/Session/Middleware/StartSession->handle(Object(Illuminate/Http/Request), Object(Closure))
#33 D:/projects/emmiox-academy/emmiox-academy/vendor/laravel/framework/src/Illuminate/Cookie/Middleware/AddQueuedCookiesToResponse.php(37): Illuminate/Pipeline/Pipeline->Illuminate/Pipeline/{closure}(Object(Illuminate/Http/Request))
#34 D:/projects/emmiox-academy/emmiox-academy/vendor/laravel/framework/src/Illuminate/Pipeline/Pipeline.php(209): Illuminate/Cookie/Middleware/AddQueuedCookiesToResponse->handle(Object(Illuminate/Http/Request), Object(Closure))
#35 D:/projects/emmiox-academy/emmiox-academy/vendor/laravel/framework/src/Illuminate/Cookie/Middleware/EncryptCookies.php(75): Illuminate/Pipeline/Pipeline->Illuminate/Pipeline/{closure}(Object(Illuminate/Http/Request))
#36 D:/projects/emmiox-academy/emmiox-academy/vendor/laravel/framework/src/Illuminate/Pipeline/Pipeline.php(209): Illuminate/Cookie/Middleware/EncryptCookies->handle(Object(Illuminate/Http/Request), Object(Closure))
#37 D:/projects/emmiox-academy/emmiox-academy/vendor/laravel/framework/src/Illuminate/Pipeline/Pipeline.php(127): Illuminate/Pipeline/Pipeline->Illuminate/Pipeline/{closure}(Object(Illuminate/Http/Request))
#38 D:/projects/emmiox-academy/emmiox-academy/vendor/laravel/framework/src/Illuminate/Routing/Router.php(807): Illuminate/Pipeline/Pipeline->then(Object(Closure))
#39 D:/projects/emmiox-academy/emmiox-academy/vendor/laravel/framework/src/Illuminate/Routing/Router.php(786): Illuminate/Routing/Router->runRouteWithinStack(Object(Illuminate/Routing/Route), Object(Illuminate/Http/Request))
#40 D:/projects/emmiox-academy/emmiox-academy/vendor/laravel/framework/src/Illuminate/Routing/Router.php(750): Illuminate/Routing/Router->runRoute(Object(Illuminate/Http/Request), Object(Illuminate/Routing/Route))
#41 D:/projects/emmiox-academy/emmiox-academy/vendor/laravel/framework/src/Illuminate/Routing/Router.php(739): Illuminate/Routing/Router->dispatchToRoute(Object(Illuminate/Http/Request))
#42 D:/projects/emmiox-academy/emmiox-academy/vendor/laravel/framework/src/Illuminate/Foundation/Http/Kernel.php(201): Illuminate/Routing/Router->dispatch(Object(Illuminate/Http/Request))
#43 D:/projects/emmiox-academy/emmiox-academy/vendor/laravel/framework/src/Illuminate/Pipeline/Pipeline.php(170): Illuminate/Foundation/Http/Kernel->Illuminate/Foundation/Http/{closure}(Object(Illuminate/Http/Request))
#44 D:/projects/emmiox-academy/emmiox-academy/vendor/laravel/framework/src/Illuminate/Foundation/Http/Middleware/TransformsRequest.php(21): Illuminate/Pipeline/Pipeline->Illuminate/Pipeline/{closure}(Object(Illuminate/Http/Request))
#45 D:/projects/emmiox-academy/emmiox-academy/vendor/laravel/framework/src/Illuminate/Foundation/Http/Middleware/ConvertEmptyStringsToNull.php(31): Illuminate/Foundation/Http/Middleware/TransformsRequest->handle(Object(Illuminate/Http/Request), Object(Closure))
#46 D:/projects/emmiox-academy/emmiox-academy/vendor/laravel/framework/src/Illuminate/Pipeline/Pipeline.php(209): Illuminate/Foundation/Http/Middleware/ConvertEmptyStringsToNull->handle(Object(Illuminate/Http/Request), Object(Closure))
#47 D:/projects/emmiox-academy/emmiox-academy/vendor/laravel/framework/src/Illuminate/Foundation/Http/Middleware/TransformsRequest.php(21): Illuminate/Pipeline/Pipeline->Illuminate/Pipeline/{closure}(Object(Illuminate/Http/Request))
#48 D:/projects/emmiox-academy/emmiox-academy/vendor/laravel/framework/src/Illuminate/Foundation/Http/Middleware/TrimStrings.php(51): Illuminate/Foundation/Http/Middleware/TransformsRequest->handle(Object(Illuminate/Http/Request), Object(Closure))
#49 D:/projects/emmiox-academy/emmiox-academy/vendor/laravel/framework/src/Illuminate/Pipeline/Pipeline.php(209): Illuminate/Foundation/Http/Middleware/TrimStrings->handle(Object(Illuminate/Http/Request), Object(Closure))
#50 D:/projects/emmiox-academy/emmiox-academy/vendor/laravel/framework/src/Illuminate/Http/Middleware/ValidatePostSize.php(27): Illuminate/Pipeline/Pipeline->Illuminate/Pipeline/{closure}(Object(Illuminate/Http/Request))
#51 D:/projects/emmiox-academy/emmiox-academy/vendor/laravel/framework/src/Illuminate/Pipeline/Pipeline.php(209): Illuminate/Http/Middleware/ValidatePostSize->handle(Object(Illuminate/Http/Request), Object(Closure))
#52 D:/projects/emmiox-academy/emmiox-academy/vendor/laravel/framework/src/Illuminate/Foundation/Http/Middleware/PreventRequestsDuringMaintenance.php(110): Illuminate/Pipeline/Pipeline->Illuminate/Pipeline/{closure}(Object(Illuminate/Http/Request))
#53 D:/projects/emmiox-academy/emmiox-academy/vendor/laravel/framework/src/Illuminate/Pipeline/Pipeline.php(209): Illuminate/Foundation/Http/Middleware/PreventRequestsDuringMaintenance->handle(Object(Illuminate/Http/Request), Object(Closure))
#54 D:/projects/emmiox-academy/emmiox-academy/vendor/laravel/framework/src/Illuminate/Http/Middleware/HandleCors.php(49): Illuminate/Pipeline/Pipeline->Illuminate/Pipeline/{closure}(Object(Illuminate/Http/Request))
#55 D:/projects/emmiox-academy/emmiox-academy/vendor/laravel/framework/src/Illuminate/Pipeline/Pipeline.php(209): Illuminate/Http/Middleware/HandleCors->handle(Object(Illuminate/Http/Request), Object(Closure))
#56 D:/projects/emmiox-academy/emmiox-academy/vendor/laravel/framework/src/Illuminate/Http/Middleware/TrustProxies.php(58): Illuminate/Pipeline/Pipeline->Illuminate/Pipeline/{closure}(Object(Illuminate/Http/Request))
#57 D:/projects/emmiox-academy/emmiox-academy/vendor/laravel/framework/src/Illuminate/Pipeline/Pipeline.php(209): Illuminate/Http/Middleware/TrustProxies->handle(Object(Illuminate/Http/Request), Object(Closure))
#58 D:/projects/emmiox-academy/emmiox-academy/vendor/laravel/framework/src/Illuminate/Foundation/Http/Middleware/InvokeDeferredCallbacks.php(22): Illuminate/Pipeline/Pipeline->Illuminate/Pipeline/{closure}(Object(Illuminate/Http/Request))
#59 D:/projects/emmiox-academy/emmiox-academy/vendor/laravel/framework/src/Illuminate/Pipeline/Pipeline.php(209): Illuminate/Foundation/Http/Middleware/InvokeDeferredCallbacks->handle(Object(Illuminate/Http/Request), Object(Closure))
#60 D:/projects/emmiox-academy/emmiox-academy/vendor/laravel/framework/src/Illuminate/Pipeline/Pipeline.php(127): Illuminate/Pipeline/Pipeline->Illuminate/Pipeline/{closure}(Object(Illuminate/Http/Request))
#61 D:/projects/emmiox-academy/emmiox-academy/vendor/laravel/framework/src/Illuminate/Foundation/Http/Kernel.php(176): Illuminate/Pipeline/Pipeline->then(Object(Closure))
#62 D:/projects/emmiox-academy/emmiox-academy/vendor/laravel/framework/src/Illuminate/Foundation/Http/Kernel.php(145): Illuminate/Foundation/Http/Kernel->sendRequestThroughRouter(Object(Illuminate/Http/Request))
#63 D:/projects/emmiox-academy/emmiox-academy/vendor/laravel/framework/src/Illuminate/Foundation/Application.php(1220): Illuminate/Foundation/Http/Kernel->handle(Object(Illuminate/Http/Request))
#64 D:/projects/emmiox-academy/emmiox-academy/public/index.php(17): Illuminate/Foundation/Application->handleRequest(Object(Illuminate/Http/Request))
#65 D:/projects/emmiox-academy/emmiox-academy/vendor/laravel/framework/src/Illuminate/Foundation/resources/server.php(23): require_once('D://projects//emm...')
#66 {main}

[previous exception] [object] (PDOException(code: 42S02): SQLSTATE[42S02]: Base table or view not found: 1146 Table 'emmiox_academy.settings' doesn't exist at D:/projects/emmiox-academy/emmiox-academy/vendor/laravel/framework/src/Illuminate/Database/Connection.php:407)
[stacktrace]
#0 D:/projects/emmiox-academy/emmiox-academy/vendor/laravel/framework/src/Illuminate/Database/Connection.php(407): PDO->prepare('select * from `...')
#1 D:/projects/emmiox-academy/emmiox-academy/vendor/laravel/framework/src/Illuminate/Database/Connection.php(812): Illuminate/Database/Connection->Illuminate/Database/{closure}('select * from `...', Array)
#2 D:/projects/emmiox-academy/emmiox-academy/vendor/laravel/framework/src/Illuminate/Database/Connection.php(779): Illuminate/Database/Connection->runQueryCallback('select * from `...', Array, Object(Closure))
#3 D:/projects/emmiox-academy/emmiox-academy/vendor/laravel/framework/src/Illuminate/Database/Connection.php(398): Illuminate/Database/Connection->run('select * from `...', Array, Object(Closure))
#4 D:/projects/emmiox-academy/emmiox-academy/vendor/laravel/framework/src/Illuminate/Database/Query/Builder.php(3106): Illuminate/Database/Connection->select('select * from `...', Array, true)
#5 D:/projects/emmiox-academy/emmiox-academy/vendor/laravel/framework/src/Illuminate/Database/Query/Builder.php(3091): Illuminate/Database/Query/Builder->runSelect()
#6 D:/projects/emmiox-academy/emmiox-academy/vendor/laravel/framework/src/Illuminate/Database/Query/Builder.php(3676): Illuminate/Database/Query/Builder->Illuminate/Database/Query/{closure}()
#7 D:/projects/emmiox-academy/emmiox-academy/vendor/laravel/framework/src/Illuminate/Database/Query/Builder.php(3090): Illuminate/Database/Query/Builder->onceWithColumns(Array, Object(Closure))
#8 D:/projects/emmiox-academy/emmiox-academy/vendor/laravel/framework/src/Illuminate/Database/Eloquent/Builder.php(811): Illuminate/Database/Query/Builder->get(Array)
#9 D:/projects/emmiox-academy/emmiox-academy/vendor/laravel/framework/src/Illuminate/Database/Eloquent/Builder.php(793): Illuminate/Database/Eloquent/Builder->getModels(Array)
#10 D:/projects/emmiox-academy/emmiox-academy/vendor/laravel/framework/src/Illuminate/Database/Concerns/BuildsQueries.php(343): Illuminate/Database/Eloquent/Builder->get(Array)
#11 D:/projects/emmiox-academy/emmiox-academy/vendor/laravel/framework/src/Illuminate/Database/Eloquent/Builder.php(477): Illuminate/Database/Eloquent/Builder->first(Array)
#12 D:/projects/emmiox-academy/emmiox-academy/vendor/laravel/framework/src/Illuminate/Support/Traits/ForwardsCalls.php(23): Illuminate/Database/Eloquent/Builder->find('registration_fe...')
#13 D:/projects/emmiox-academy/emmiox-academy/vendor/laravel/framework/src/Illuminate/Database/Eloquent/Model.php(2372): Illuminate/Database/Eloquent/Model->forwardCallTo(Object(Illuminate/Database/Eloquent/Builder), 'find', Array)
#14 D:/projects/emmiox-academy/emmiox-academy/vendor/laravel/framework/src/Illuminate/Database/Eloquent/Model.php(2384): Illuminate/Database/Eloquent/Model->__call('find', Array)
#15 D:/projects/emmiox-academy/emmiox-academy/app/Models/Setting.php(19): Illuminate/Database/Eloquent/Model::__callStatic('find', Array)
#16 D:/projects/emmiox-academy/emmiox-academy/app/Http/Controllers/Admin/PricingController.php(23): App/Models/Setting::get('registration_fe...', '50.00')
#17 D:/projects/emmiox-academy/emmiox-academy/vendor/laravel/framework/src/Illuminate/Routing/ControllerDispatcher.php(47): App/Http/Controllers/Admin/PricingController->index()
#18 D:/projects/emmiox-academy/emmiox-academy/vendor/laravel/framework/src/Illuminate/Routing/Route.php(266): Illuminate/Routing/ControllerDispatcher->dispatch(Object(Illuminate/Routing/Route), Object(App/Http/Controllers/Admin/PricingController), 'index')
#19 D:/projects/emmiox-academy/emmiox-academy/vendor/laravel/framework/src/Illuminate/Routing/Route.php(212): Illuminate/Routing/Route->runController()
#20 D:/projects/emmiox-academy/emmiox-academy/vendor/laravel/framework/src/Illuminate/Routing/Router.php(808): Illuminate/Routing/Route->run()
#21 D:/projects/emmiox-academy/emmiox-academy/vendor/laravel/framework/src/Illuminate/Pipeline/Pipeline.php(170): Illuminate/Routing/Router->Illuminate/Routing/{closure}(Object(Illuminate/Http/Request))
#22 D:/projects/emmiox-academy/emmiox-academy/app/Http/Middleware/EnsureUserIsAdmin.php(17): Illuminate/Pipeline/Pipeline->Illuminate/Pipeline/{closure}(Object(Illuminate/Http/Request))
#23 D:/projects/emmiox-academy/emmiox-academy/vendor/laravel/framework/src/Illuminate/Pipeline/Pipeline.php(209): App/Http/Middleware/EnsureUserIsAdmin->handle(Object(Illuminate/Http/Request), Object(Closure))
#24 D:/projects/emmiox-academy/emmiox-academy/vendor/laravel/framework/src/Illuminate/Routing/Middleware/SubstituteBindings.php(51): Illuminate/Pipeline/Pipeline->Illuminate/Pipeline/{closure}(Object(Illuminate/Http/Request))
#25 D:/projects/emmiox-academy/emmiox-academy/vendor/laravel/framework/src/Illuminate/Pipeline/Pipeline.php(209): Illuminate/Routing/Middleware/SubstituteBindings->handle(Object(Illuminate/Http/Request), Object(Closure))
#26 D:/projects/emmiox-academy/emmiox-academy/vendor/laravel/framework/src/Illuminate/Auth/Middleware/Authenticate.php(64): Illuminate/Pipeline/Pipeline->Illuminate/Pipeline/{closure}(Object(Illuminate/Http/Request))
#27 D:/projects/emmiox-academy/emmiox-academy/vendor/laravel/framework/src/Illuminate/Pipeline/Pipeline.php(209): Illuminate/Auth/Middleware/Authenticate->handle(Object(Illuminate/Http/Request), Object(Closure))
#28 D:/projects/emmiox-academy/emmiox-academy/vendor/laravel/framework/src/Illuminate/Foundation/Http/Middleware/VerifyCsrfToken.php(88): Illuminate/Pipeline/Pipeline->Illuminate/Pipeline/{closure}(Object(Illuminate/Http/Request))
#29 D:/projects/emmiox-academy/emmiox-academy/vendor/laravel/framework/src/Illuminate/Pipeline/Pipeline.php(209): Illuminate/Foundation/Http/Middleware/VerifyCsrfToken->handle(Object(Illuminate/Http/Request), Object(Closure))
#30 D:/projects/emmiox-academy/emmiox-academy/vendor/laravel/framework/src/Illuminate/View/Middleware/ShareErrorsFromSession.php(49): Illuminate/Pipeline/Pipeline->Illuminate/Pipeline/{closure}(Object(Illuminate/Http/Request))
#31 D:/projects/emmiox-academy/emmiox-academy/vendor/laravel/framework/src/Illuminate/Pipeline/Pipeline.php(209): Illuminate/View/Middleware/ShareErrorsFromSession->handle(Object(Illuminate/Http/Request), Object(Closure))
#32 D:/projects/emmiox-academy/emmiox-academy/vendor/laravel/framework/src/Illuminate/Session/Middleware/StartSession.php(121): Illuminate/Pipeline/Pipeline->Illuminate/Pipeline/{closure}(Object(Illuminate/Http/Request))
#33 D:/projects/emmiox-academy/emmiox-academy/vendor/laravel/framework/src/Illuminate/Session/Middleware/StartSession.php(64): Illuminate/Session/Middleware/StartSession->handleStatefulRequest(Object(Illuminate/Http/Request), Object(Illuminate/Session/Store), Object(Closure))
#34 D:/projects/emmiox-academy/emmiox-academy/vendor/laravel/framework/src/Illuminate/Pipeline/Pipeline.php(209): Illuminate/Session/Middleware/StartSession->handle(Object(Illuminate/Http/Request), Object(Closure))
#35 D:/projects/emmiox-academy/emmiox-academy/vendor/laravel/framework/src/Illuminate/Cookie/Middleware/AddQueuedCookiesToResponse.php(37): Illuminate/Pipeline/Pipeline->Illuminate/Pipeline/{closure}(Object(Illuminate/Http/Request))
#36 D:/projects/emmiox-academy/emmiox-academy/vendor/laravel/framework/src/Illuminate/Pipeline/Pipeline.php(209): Illuminate/Cookie/Middleware/AddQueuedCookiesToResponse->handle(Object(Illuminate/Http/Request), Object(Closure))
#37 D:/projects/emmiox-academy/emmiox-academy/vendor/laravel/framework/src/Illuminate/Cookie/Middleware/EncryptCookies.php(75): Illuminate/Pipeline/Pipeline->Illuminate/Pipeline/{closure}(Object(Illuminate/Http/Request))
#38 D:/projects/emmiox-academy/emmiox-academy/vendor/laravel/framework/src/Illuminate/Pipeline/Pipeline.php(209): Illuminate/Cookie/Middleware/EncryptCookies->handle(Object(Illuminate/Http/Request), Object(Closure))
#39 D:/projects/emmiox-academy/emmiox-academy/vendor/laravel/framework/src/Illuminate/Pipeline/Pipeline.php(127): Illuminate/Pipeline/Pipeline->Illuminate/Pipeline/{closure}(Object(Illuminate/Http/Request))
#40 D:/projects/emmiox-academy/emmiox-academy/vendor/laravel/framework/src/Illuminate/Routing/Router.php(807): Illuminate/Pipeline/Pipeline->then(Object(Closure))
#41 D:/projects/emmiox-academy/emmiox-academy/vendor/laravel/framework/src/Illuminate/Routing/Router.php(786): Illuminate/Routing/Router->runRouteWithinStack(Object(Illuminate/Routing/Route), Object(Illuminate/Http/Request))
#42 D:/projects/emmiox-academy/emmiox-academy/vendor/laravel/framework/src/Illuminate/Routing/Router.php(750): Illuminate/Routing/Router->runRoute(Object(Illuminate/Http/Request), Object(Illuminate/Routing/Route))
#43 D:/projects/emmiox-academy/emmiox-academy/vendor/laravel/framework/src/Illuminate/Routing/Router.php(739): Illuminate/Routing/Router->dispatchToRoute(Object(Illuminate/Http/Request))
#44 D:/projects/emmiox-academy/emmiox-academy/vendor/laravel/framework/src/Illuminate/Foundation/Http/Kernel.php(201): Illuminate/Routing/Router->dispatch(Object(Illuminate/Http/Request))
#45 D:/projects/emmiox-academy/emmiox-academy/vendor/laravel/framework/src/Illuminate/Pipeline/Pipeline.php(170): Illuminate/Foundation/Http/Kernel->Illuminate/Foundation/Http/{closure}(Object(Illuminate/Http/Request))
#46 D:/projects/emmiox-academy/emmiox-academy/vendor/laravel/framework/src/Illuminate/Foundation/Http/Middleware/TransformsRequest.php(21): Illuminate/Pipeline/Pipeline->Illuminate/Pipeline/{closure}(Object(Illuminate/Http/Request))
#47 D:/projects/emmiox-academy/emmiox-academy/vendor/laravel/framework/src/Illuminate/Foundation/Http/Middleware/ConvertEmptyStringsToNull.php(31): Illuminate/Foundation/Http/Middleware/TransformsRequest->handle(Object(Illuminate/Http/Request), Object(Closure))
#48 D:/projects/emmiox-academy/emmiox-academy/vendor/laravel/framework/src/Illuminate/Pipeline/Pipeline.php(209): Illuminate/Foundation/Http/Middleware/ConvertEmptyStringsToNull->handle(Object(Illuminate/Http/Request), Object(Closure))
#49 D:/projects/emmiox-academy/emmiox-academy/vendor/laravel/framework/src/Illuminate/Foundation/Http/Middleware/TransformsRequest.php(21): Illuminate/Pipeline/Pipeline->Illuminate/Pipeline/{closure}(Object(Illuminate/Http/Request))
#50 D:/projects/emmiox-academy/emmiox-academy/vendor/laravel/framework/src/Illuminate/Foundation/Http/Middleware/TrimStrings.php(51): Illuminate/Foundation/Http/Middleware/TransformsRequest->handle(Object(Illuminate/Http/Request), Object(Closure))
#51 D:/projects/emmiox-academy/emmiox-academy/vendor/laravel/framework/src/Illuminate/Pipeline/Pipeline.php(209): Illuminate/Foundation/Http/Middleware/TrimStrings->handle(Object(Illuminate/Http/Request), Object(Closure))
#52 D:/projects/emmiox-academy/emmiox-academy/vendor/laravel/framework/src/Illuminate/Http/Middleware/ValidatePostSize.php(27): Illuminate/Pipeline/Pipeline->Illuminate/Pipeline/{closure}(Object(Illuminate/Http/Request))
#53 D:/projects/emmiox-academy/emmiox-academy/vendor/laravel/framework/src/Illuminate/Pipeline/Pipeline.php(209): Illuminate/Http/Middleware/ValidatePostSize->handle(Object(Illuminate/Http/Request), Object(Closure))
#54 D:/projects/emmiox-academy/emmiox-academy/vendor/laravel/framework/src/Illuminate/Foundation/Http/Middleware/PreventRequestsDuringMaintenance.php(110): Illuminate/Pipeline/Pipeline->Illuminate/Pipeline/{closure}(Object(Illuminate/Http/Request))
#55 D:/projects/emmiox-academy/emmiox-academy/vendor/laravel/framework/src/Illuminate/Pipeline/Pipeline.php(209): Illuminate/Foundation/Http/Middleware/PreventRequestsDuringMaintenance->handle(Object(Illuminate/Http/Request), Object(Closure))
#56 D:/projects/emmiox-academy/emmiox-academy/vendor/laravel/framework/src/Illuminate/Http/Middleware/HandleCors.php(49): Illuminate/Pipeline/Pipeline->Illuminate/Pipeline/{closure}(Object(Illuminate/Http/Request))
#57 D:/projects/emmiox-academy/emmiox-academy/vendor/laravel/framework/src/Illuminate/Pipeline/Pipeline.php(209): Illuminate/Http/Middleware/HandleCors->handle(Object(Illuminate/Http/Request), Object(Closure))
#58 D:/projects/emmiox-academy/emmiox-academy/vendor/laravel/framework/src/Illuminate/Http/Middleware/TrustProxies.php(58): Illuminate/Pipeline/Pipeline->Illuminate/Pipeline/{closure}(Object(Illuminate/Http/Request))
#59 D:/projects/emmiox-academy/emmiox-academy/vendor/laravel/framework/src/Illuminate/Pipeline/Pipeline.php(209): Illuminate/Http/Middleware/TrustProxies->handle(Object(Illuminate/Http/Request), Object(Closure))
#60 D:/projects/emmiox-academy/emmiox-academy/vendor/laravel/framework/src/Illuminate/Foundation/Http/Middleware/InvokeDeferredCallbacks.php(22): Illuminate/Pipeline/Pipeline->Illuminate/Pipeline/{closure}(Object(Illuminate/Http/Request))
#61 D:/projects/emmiox-academy/emmiox-academy/vendor/laravel/framework/src/Illuminate/Pipeline/Pipeline.php(209): Illuminate/Foundation/Http/Middleware/InvokeDeferredCallbacks->handle(Object(Illuminate/Http/Request), Object(Closure))
#62 D:/projects/emmiox-academy/emmiox-academy/vendor/laravel/framework/src/Illuminate/Pipeline/Pipeline.php(127): Illuminate/Pipeline/Pipeline->Illuminate/Pipeline/{closure}(Object(Illuminate/Http/Request))
#63 D:/projects/emmiox-academy/emmiox-academy/vendor/laravel/framework/src/Illuminate/Foundation/Http/Kernel.php(176): Illuminate/Pipeline/Pipeline->then(Object(Closure))
#64 D:/projects/emmiox-academy/emmiox-academy/vendor/laravel/framework/src/Illuminate/Foundation/Http/Kernel.php(145): Illuminate/Foundation/Http/Kernel->sendRequestThroughRouter(Object(Illuminate/Http/Request))
#65 D:/projects/emmiox-academy/emmiox-academy/vendor/laravel/framework/src/Illuminate/Foundation/Application.php(1220): Illuminate/Foundation/Http/Kernel->handle(Object(Illuminate/Http/Request))
#66 D:/projects/emmiox-academy/emmiox-academy/public/index.php(17): Illuminate/Foundation/Application->handleRequest(Object(Illuminate/Http/Request))
#67 D:/projects/emmiox-academy/emmiox-academy/vendor/laravel/framework/src/Illuminate/Foundation/resources/server.php(23): require_once('D://projects//emm...')
#68 {main}
"} 
[2026-08-22 11:23:24] local.ERROR: SQLSTATE[42S02]: Base table or view not found: 1146 Table 'emmiox_academy.user_login_sessions' doesn't exist (Connection: mysql, SQL: select * from `user_login_sessions` where `user_login_sessions`.`user_id` in (4) order by `last_seen_at` desc) {"userId":1,"exception":"[object] (Illuminate\\Database\\QueryException(code: 42S02): SQLSTATE[42S02]: Base table or view not found: 1146 Table 'emmiox_academy.user_login_sessions' doesn't exist (Connection: mysql, SQL: select * from `user_login_sessions` where `user_login_sessions`.`user_id` in (4) order by `last_seen_at` desc) at D:/projects/emmiox-academy/emmiox-academy/vendor/laravel/framework/src/Illuminate/Database/Connection.php:825)
[stacktrace]
#0 D:/projects/emmiox-academy/emmiox-academy/vendor/laravel/framework/src/Illuminate/Database/Connection.php(779): Illuminate/Database/Connection->runQueryCallback('select * from `...', Array, Object(Closure))
#1 D:/projects/emmiox-academy/emmiox-academy/vendor/laravel/framework/src/Illuminate/Database/Connection.php(398): Illuminate/Database/Connection->run('select * from `...', Array, Object(Closure))
#2 D:/projects/emmiox-academy/emmiox-academy/vendor/laravel/framework/src/Illuminate/Database/Query/Builder.php(3106): Illuminate/Database/Connection->select('select * from `...', Array, true)
#3 D:/projects/emmiox-academy/emmiox-academy/vendor/laravel/framework/src/Illuminate/Database/Query/Builder.php(3091): Illuminate/Database/Query/Builder->runSelect()
#4 D:/projects/emmiox-academy/emmiox-academy/vendor/laravel/framework/src/Illuminate/Database/Query/Builder.php(3676): Illuminate/Database/Query/Builder->Illuminate/Database/Query/{closure}()
#5 D:/projects/emmiox-academy/emmiox-academy/vendor/laravel/framework/src/Illuminate/Database/Query/Builder.php(3090): Illuminate/Database/Query/Builder->onceWithColumns(Array, Object(Closure))
#6 D:/projects/emmiox-academy/emmiox-academy/vendor/laravel/framework/src/Illuminate/Database/Eloquent/Builder.php(811): Illuminate/Database/Query/Builder->get(Array)
#7 D:/projects/emmiox-academy/emmiox-academy/vendor/laravel/framework/src/Illuminate/Database/Eloquent/Builder.php(793): Illuminate/Database/Eloquent/Builder->getModels(Array)
#8 D:/projects/emmiox-academy/emmiox-academy/vendor/laravel/framework/src/Illuminate/Database/Eloquent/Relations/Relation.php(213): Illuminate/Database/Eloquent/Builder->get(Array)
#9 D:/projects/emmiox-academy/emmiox-academy/vendor/laravel/framework/src/Illuminate/Database/Eloquent/Relations/Relation.php(176): Illuminate/Database/Eloquent/Relations/Relation->get()
#10 D:/projects/emmiox-academy/emmiox-academy/vendor/laravel/framework/src/Illuminate/Database/Eloquent/Builder.php(859): Illuminate/Database/Eloquent/Relations/Relation->getEager()
#11 D:/projects/emmiox-academy/emmiox-academy/vendor/laravel/framework/src/Illuminate/Database/Eloquent/Builder.php(828): Illuminate/Database/Eloquent/Builder->eagerLoadRelation(Array, 'loginSessions', Object(Closure))
#12 D:/projects/emmiox-academy/emmiox-academy/vendor/laravel/framework/src/Illuminate/Database/Eloquent/Model.php(724): Illuminate/Database/Eloquent/Builder->eagerLoadRelations(Array)
#13 D:/projects/emmiox-academy/emmiox-academy/app/Http/Controllers/Admin/MemberController.php(36): Illuminate/Database/Eloquent/Model->load(Array)
#14 D:/projects/emmiox-academy/emmiox-academy/vendor/laravel/framework/src/Illuminate/Routing/ControllerDispatcher.php(47): App/Http/Controllers/Admin/MemberController->show(Object(App/Models/User))
#15 D:/projects/emmiox-academy/emmiox-academy/vendor/laravel/framework/src/Illuminate/Routing/Route.php(266): Illuminate/Routing/ControllerDispatcher->dispatch(Object(Illuminate/Routing/Route), Object(App/Http/Controllers/Admin/MemberController), 'show')
#16 D:/projects/emmiox-academy/emmiox-academy/vendor/laravel/framework/src/Illuminate/Routing/Route.php(212): Illuminate/Routing/Route->runController()
#17 D:/projects/emmiox-academy/emmiox-academy/vendor/laravel/framework/src/Illuminate/Routing/Router.php(808): Illuminate/Routing/Route->run()
#18 D:/projects/emmiox-academy/emmiox-academy/vendor/laravel/framework/src/Illuminate/Pipeline/Pipeline.php(170): Illuminate/Routing/Router->Illuminate/Routing/{closure}(Object(Illuminate/Http/Request))
#19 D:/projects/emmiox-academy/emmiox-academy/app/Http/Middleware/EnsureUserIsAdmin.php(17): Illuminate/Pipeline/Pipeline->Illuminate/Pipeline/{closure}(Object(Illuminate/Http/Request))
#20 D:/projects/emmiox-academy/emmiox-academy/vendor/laravel/framework/src/Illuminate/Pipeline/Pipeline.php(209): App/Http/Middleware/EnsureUserIsAdmin->handle(Object(Illuminate/Http/Request), Object(Closure))
#21 D:/projects/emmiox-academy/emmiox-academy/vendor/laravel/framework/src/Illuminate/Routing/Middleware/SubstituteBindings.php(51): Illuminate/Pipeline/Pipeline->Illuminate/Pipeline/{closure}(Object(Illuminate/Http/Request))
#22 D:/projects/emmiox-academy/emmiox-academy/vendor/laravel/framework/src/Illuminate/Pipeline/Pipeline.php(209): Illuminate/Routing/Middleware/SubstituteBindings->handle(Object(Illuminate/Http/Request), Object(Closure))
#23 D:/projects/emmiox-academy/emmiox-academy/vendor/laravel/framework/src/Illuminate/Auth/Middleware/Authenticate.php(64): Illuminate/Pipeline/Pipeline->Illuminate/Pipeline/{closure}(Object(Illuminate/Http/Request))
#24 D:/projects/emmiox-academy/emmiox-academy/vendor/laravel/framework/src/Illuminate/Pipeline/Pipeline.php(209): Illuminate/Auth/Middleware/Authenticate->handle(Object(Illuminate/Http/Request), Object(Closure))
#25 D:/projects/emmiox-academy/emmiox-academy/vendor/laravel/framework/src/Illuminate/Foundation/Http/Middleware/VerifyCsrfToken.php(88): Illuminate/Pipeline/Pipeline->Illuminate/Pipeline/{closure}(Object(Illuminate/Http/Request))
#26 D:/projects/emmiox-academy/emmiox-academy/vendor/laravel/framework/src/Illuminate/Pipeline/Pipeline.php(209): Illuminate/Foundation/Http/Middleware/VerifyCsrfToken->handle(Object(Illuminate/Http/Request), Object(Closure))
#27 D:/projects/emmiox-academy/emmiox-academy/vendor/laravel/framework/src/Illuminate/View/Middleware/ShareErrorsFromSession.php(49): Illuminate/Pipeline/Pipeline->Illuminate/Pipeline/{closure}(Object(Illuminate/Http/Request))
#28 D:/projects/emmiox-academy/emmiox-academy/vendor/laravel/framework/src/Illuminate/Pipeline/Pipeline.php(209): Illuminate/View/Middleware/ShareErrorsFromSession->handle(Object(Illuminate/Http/Request), Object(Closure))
#29 D:/projects/emmiox-academy/emmiox-academy/vendor/laravel/framework/src/Illuminate/Session/Middleware/StartSession.php(121): Illuminate/Pipeline/Pipeline->Illuminate/Pipeline/{closure}(Object(Illuminate/Http/Request))
#30 D:/projects/emmiox-academy/emmiox-academy/vendor/laravel/framework/src/Illuminate/Session/Middleware/StartSession.php(64): Illuminate/Session/Middleware/StartSession->handleStatefulRequest(Object(Illuminate/Http/Request), Object(Illuminate/Session/Store), Object(Closure))
#31 D:/projects/emmiox-academy/emmiox-academy/vendor/laravel/framework/src/Illuminate/Pipeline/Pipeline.php(209): Illuminate/Session/Middleware/StartSession->handle(Object(Illuminate/Http/Request), Object(Closure))
#32 D:/projects/emmiox-academy/emmiox-academy/vendor/laravel/framework/src/Illuminate/Cookie/Middleware/AddQueuedCookiesToResponse.php(37): Illuminate/Pipeline/Pipeline->Illuminate/Pipeline/{closure}(Object(Illuminate/Http/Request))
#33 D:/projects/emmiox-academy/emmiox-academy/vendor/laravel/framework/src/Illuminate/Pipeline/Pipeline.php(209): Illuminate/Cookie/Middleware/AddQueuedCookiesToResponse->handle(Object(Illuminate/Http/Request), Object(Closure))
#34 D:/projects/emmiox-academy/emmiox-academy/vendor/laravel/framework/src/Illuminate/Cookie/Middleware/EncryptCookies.php(75): Illuminate/Pipeline/Pipeline->Illuminate/Pipeline/{closure}(Object(Illuminate/Http/Request))
#35 D:/projects/emmiox-academy/emmiox-academy/vendor/laravel/framework/src/Illuminate/Pipeline/Pipeline.php(209): Illuminate/Cookie/Middleware/EncryptCookies->handle(Object(Illuminate/Http/Request), Object(Closure))
#36 D:/projects/emmiox-academy/emmiox-academy/vendor/laravel/framework/src/Illuminate/Pipeline/Pipeline.php(127): Illuminate/Pipeline/Pipeline->Illuminate/Pipeline/{closure}(Object(Illuminate/Http/Request))
#37 D:/projects/emmiox-academy/emmiox-academy/vendor/laravel/framework/src/Illuminate/Routing/Router.php(807): Illuminate/Pipeline/Pipeline->then(Object(Closure))
#38 D:/projects/emmiox-academy/emmiox-academy/vendor/laravel/framework/src/Illuminate/Routing/Router.php(786): Illuminate/Routing/Router->runRouteWithinStack(Object(Illuminate/Routing/Route), Object(Illuminate/Http/Request))
#39 D:/projects/emmiox-academy/emmiox-academy/vendor/laravel/framework/src/Illuminate/Routing/Router.php(750): Illuminate/Routing/Router->runRoute(Object(Illuminate/Http/Request), Object(Illuminate/Routing/Route))
#40 D:/projects/emmiox-academy/emmiox-academy/vendor/laravel/framework/src/Illuminate/Routing/Router.php(739): Illuminate/Routing/Router->dispatchToRoute(Object(Illuminate/Http/Request))
#41 D:/projects/emmiox-academy/emmiox-academy/vendor/laravel/framework/src/Illuminate/Foundation/Http/Kernel.php(201): Illuminate/Routing/Router->dispatch(Object(Illuminate/Http/Request))
#42 D:/projects/emmiox-academy/emmiox-academy/vendor/laravel/framework/src/Illuminate/Pipeline/Pipeline.php(170): Illuminate/Foundation/Http/Kernel->Illuminate/Foundation/Http/{closure}(Object(Illuminate/Http/Request))
#43 D:/projects/emmiox-academy/emmiox-academy/vendor/laravel/framework/src/Illuminate/Foundation/Http/Middleware/TransformsRequest.php(21): Illuminate/Pipeline/Pipeline->Illuminate/Pipeline/{closure}(Object(Illuminate/Http/Request))
#44 D:/projects/emmiox-academy/emmiox-academy/vendor/laravel/framework/src/Illuminate/Foundation/Http/Middleware/ConvertEmptyStringsToNull.php(31): Illuminate/Foundation/Http/Middleware/TransformsRequest->handle(Object(Illuminate/Http/Request), Object(Closure))
#45 D:/projects/emmiox-academy/emmiox-academy/vendor/laravel/framework/src/Illuminate/Pipeline/Pipeline.php(209): Illuminate/Foundation/Http/Middleware/ConvertEmptyStringsToNull->handle(Object(Illuminate/Http/Request), Object(Closure))
#46 D:/projects/emmiox-academy/emmiox-academy/vendor/laravel/framework/src/Illuminate/Foundation/Http/Middleware/TransformsRequest.php(21): Illuminate/Pipeline/Pipeline->Illuminate/Pipeline/{closure}(Object(Illuminate/Http/Request))
#47 D:/projects/emmiox-academy/emmiox-academy/vendor/laravel/framework/src/Illuminate/Foundation/Http/Middleware/TrimStrings.php(51): Illuminate/Foundation/Http/Middleware/TransformsRequest->handle(Object(Illuminate/Http/Request), Object(Closure))
#48 D:/projects/emmiox-academy/emmiox-academy/vendor/laravel/framework/src/Illuminate/Pipeline/Pipeline.php(209): Illuminate/Foundation/Http/Middleware/TrimStrings->handle(Object(Illuminate/Http/Request), Object(Closure))
#49 D:/projects/emmiox-academy/emmiox-academy/vendor/laravel/framework/src/Illuminate/Http/Middleware/ValidatePostSize.php(27): Illuminate/Pipeline/Pipeline->Illuminate/Pipeline/{closure}(Object(Illuminate/Http/Request))
#50 D:/projects/emmiox-academy/emmiox-academy/vendor/laravel/framework/src/Illuminate/Pipeline/Pipeline.php(209): Illuminate/Http/Middleware/ValidatePostSize->handle(Object(Illuminate/Http/Request), Object(Closure))
#51 D:/projects/emmiox-academy/emmiox-academy/vendor/laravel/framework/src/Illuminate/Foundation/Http/Middleware/PreventRequestsDuringMaintenance.php(110): Illuminate/Pipeline/Pipeline->Illuminate/Pipeline/{closure}(Object(Illuminate/Http/Request))
#52 D:/projects/emmiox-academy/emmiox-academy/vendor/laravel/framework/src/Illuminate/Pipeline/Pipeline.php(209): Illuminate/Foundation/Http/Middleware/PreventRequestsDuringMaintenance->handle(Object(Illuminate/Http/Request), Object(Closure))
#53 D:/projects/emmiox-academy/emmiox-academy/vendor/laravel/framework/src/Illuminate/Http/Middleware/HandleCors.php(49): Illuminate/Pipeline/Pipeline->Illuminate/Pipeline/{closure}(Object(Illuminate/Http/Request))
#54 D:/projects/emmiox-academy/emmiox-academy/vendor/laravel/framework/src/Illuminate/Pipeline/Pipeline.php(209): Illuminate/Http/Middleware/HandleCors->handle(Object(Illuminate/Http/Request), Object(Closure))
#55 D:/projects/emmiox-academy/emmiox-academy/vendor/laravel/framework/src/Illuminate/Http/Middleware/TrustProxies.php(58): Illuminate/Pipeline/Pipeline->Illuminate/Pipeline/{closure}(Object(Illuminate/Http/Request))
#56 D:/projects/emmiox-academy/emmiox-academy/vendor/laravel/framework/src/Illuminate/Pipeline/Pipeline.php(209): Illuminate/Http/Middleware/TrustProxies->handle(Object(Illuminate/Http/Request), Object(Closure))
#57 D:/projects/emmiox-academy/emmiox-academy/vendor/laravel/framework/src/Illuminate/Foundation/Http/Middleware/InvokeDeferredCallbacks.php(22): Illuminate/Pipeline/Pipeline->Illuminate/Pipeline/{closure}(Object(Illuminate/Http/Request))
#58 D:/projects/emmiox-academy/emmiox-academy/vendor/laravel/framework/src/Illuminate/Pipeline/Pipeline.php(209): Illuminate/Foundation/Http/Middleware/InvokeDeferredCallbacks->handle(Object(Illuminate/Http/Request), Object(Closure))
#59 D:/projects/emmiox-academy/emmiox-academy/vendor/laravel/framework/src/Illuminate/Pipeline/Pipeline.php(127): Illuminate/Pipeline/Pipeline->Illuminate/Pipeline/{closure}(Object(Illuminate/Http/Request))
#60 D:/projects/emmiox-academy/emmiox-academy/vendor/laravel/framework/src/Illuminate/Foundation/Http/Kernel.php(176): Illuminate/Pipeline/Pipeline->then(Object(Closure))
#61 D:/projects/emmiox-academy/emmiox-academy/vendor/laravel/framework/src/Illuminate/Foundation/Http/Kernel.php(145): Illuminate/Foundation/Http/Kernel->sendRequestThroughRouter(Object(Illuminate/Http/Request))
#62 D:/projects/emmiox-academy/emmiox-academy/vendor/laravel/framework/src/Illuminate/Foundation/Application.php(1220): Illuminate/Foundation/Http/Kernel->handle(Object(Illuminate/Http/Request))
#63 D:/projects/emmiox-academy/emmiox-academy/public/index.php(17): Illuminate/Foundation/Application->handleRequest(Object(Illuminate/Http/Request))
#64 D:/projects/emmiox-academy/emmiox-academy/vendor/laravel/framework/src/Illuminate/Foundation/resources/server.php(23): require_once('D://projects//emm...')
#65 {main}

[previous exception] [object] (PDOException(code: 42S02): SQLSTATE[42S02]: Base table or view not found: 1146 Table 'emmiox_academy.user_login_sessions' doesn't exist at D:/projects/emmiox-academy/emmiox-academy/vendor/laravel/framework/src/Illuminate/Database/Connection.php:407)
[stacktrace]
#0 D:/projects/emmiox-academy/emmiox-academy/vendor/laravel/framework/src/Illuminate/Database/Connection.php(407): PDO->prepare('select * from `...')
#1 D:/projects/emmiox-academy/emmiox-academy/vendor/laravel/framework/src/Illuminate/Database/Connection.php(812): Illuminate/Database/Connection->Illuminate/Database/{closure}('select * from `...', Array)
#2 D:/projects/emmiox-academy/emmiox-academy/vendor/laravel/framework/src/Illuminate/Database/Connection.php(779): Illuminate/Database/Connection->runQueryCallback('select * from `...', Array, Object(Closure))
#3 D:/projects/emmiox-academy/emmiox-academy/vendor/laravel/framework/src/Illuminate/Database/Connection.php(398): Illuminate/Database/Connection->run('select * from `...', Array, Object(Closure))
#4 D:/projects/emmiox-academy/emmiox-academy/vendor/laravel/framework/src/Illuminate/Database/Query/Builder.php(3106): Illuminate/Database/Connection->select('select * from `...', Array, true)
#5 D:/projects/emmiox-academy/emmiox-academy/vendor/laravel/framework/src/Illuminate/Database/Query/Builder.php(3091): Illuminate/Database/Query/Builder->runSelect()
#6 D:/projects/emmiox-academy/emmiox-academy/vendor/laravel/framework/src/Illuminate/Database/Query/Builder.php(3676): Illuminate/Database/Query/Builder->Illuminate/Database/Query/{closure}()
#7 D:/projects/emmiox-academy/emmiox-academy/vendor/laravel/framework/src/Illuminate/Database/Query/Builder.php(3090): Illuminate/Database/Query/Builder->onceWithColumns(Array, Object(Closure))
#8 D:/projects/emmiox-academy/emmiox-academy/vendor/laravel/framework/src/Illuminate/Database/Eloquent/Builder.php(811): Illuminate/Database/Query/Builder->get(Array)
#9 D:/projects/emmiox-academy/emmiox-academy/vendor/laravel/framework/src/Illuminate/Database/Eloquent/Builder.php(793): Illuminate/Database/Eloquent/Builder->getModels(Array)
#10 D:/projects/emmiox-academy/emmiox-academy/vendor/laravel/framework/src/Illuminate/Database/Eloquent/Relations/Relation.php(213): Illuminate/Database/Eloquent/Builder->get(Array)
#11 D:/projects/emmiox-academy/emmiox-academy/vendor/laravel/framework/src/Illuminate/Database/Eloquent/Relations/Relation.php(176): Illuminate/Database/Eloquent/Relations/Relation->get()
#12 D:/projects/emmiox-academy/emmiox-academy/vendor/laravel/framework/src/Illuminate/Database/Eloquent/Builder.php(859): Illuminate/Database/Eloquent/Relations/Relation->getEager()
#13 D:/projects/emmiox-academy/emmiox-academy/vendor/laravel/framework/src/Illuminate/Database/Eloquent/Builder.php(828): Illuminate/Database/Eloquent/Builder->eagerLoadRelation(Array, 'loginSessions', Object(Closure))
#14 D:/projects/emmiox-academy/emmiox-academy/vendor/laravel/framework/src/Illuminate/Database/Eloquent/Model.php(724): Illuminate/Database/Eloquent/Builder->eagerLoadRelations(Array)
#15 D:/projects/emmiox-academy/emmiox-academy/app/Http/Controllers/Admin/MemberController.php(36): Illuminate/Database/Eloquent/Model->load(Array)
#16 D:/projects/emmiox-academy/emmiox-academy/vendor/laravel/framework/src/Illuminate/Routing/ControllerDispatcher.php(47): App/Http/Controllers/Admin/MemberController->show(Object(App/Models/User))
#17 D:/projects/emmiox-academy/emmiox-academy/vendor/laravel/framework/src/Illuminate/Routing/Route.php(266): Illuminate/Routing/ControllerDispatcher->dispatch(Object(Illuminate/Routing/Route), Object(App/Http/Controllers/Admin/MemberController), 'show')
#18 D:/projects/emmiox-academy/emmiox-academy/vendor/laravel/framework/src/Illuminate/Routing/Route.php(212): Illuminate/Routing/Route->runController()
#19 D:/projects/emmiox-academy/emmiox-academy/vendor/laravel/framework/src/Illuminate/Routing/Router.php(808): Illuminate/Routing/Route->run()
#20 D:/projects/emmiox-academy/emmiox-academy/vendor/laravel/framework/src/Illuminate/Pipeline/Pipeline.php(170): Illuminate/Routing/Router->Illuminate/Routing/{closure}(Object(Illuminate/Http/Request))
#21 D:/projects/emmiox-academy/emmiox-academy/app/Http/Middleware/EnsureUserIsAdmin.php(17): Illuminate/Pipeline/Pipeline->Illuminate/Pipeline/{closure}(Object(Illuminate/Http/Request))
#22 D:/projects/emmiox-academy/emmiox-academy/vendor/laravel/framework/src/Illuminate/Pipeline/Pipeline.php(209): App/Http/Middleware/EnsureUserIsAdmin->handle(Object(Illuminate/Http/Request), Object(Closure))
#23 D:/projects/emmiox-academy/emmiox-academy/vendor/laravel/framework/src/Illuminate/Routing/Middleware/SubstituteBindings.php(51): Illuminate/Pipeline/Pipeline->Illuminate/Pipeline/{closure}(Object(Illuminate/Http/Request))
#24 D:/projects/emmiox-academy/emmiox-academy/vendor/laravel/framework/src/Illuminate/Pipeline/Pipeline.php(209): Illuminate/Routing/Middleware/SubstituteBindings->handle(Object(Illuminate/Http/Request), Object(Closure))
#25 D:/projects/emmiox-academy/emmiox-academy/vendor/laravel/framework/src/Illuminate/Auth/Middleware/Authenticate.php(64): Illuminate/Pipeline/Pipeline->Illuminate/Pipeline/{closure}(Object(Illuminate/Http/Request))
#26 D:/projects/emmiox-academy/emmiox-academy/vendor/laravel/framework/src/Illuminate/Pipeline/Pipeline.php(209): Illuminate/Auth/Middleware/Authenticate->handle(Object(Illuminate/Http/Request), Object(Closure))
#27 D:/projects/emmiox-academy/emmiox-academy/vendor/laravel/framework/src/Illuminate/Foundation/Http/Middleware/VerifyCsrfToken.php(88): Illuminate/Pipeline/Pipeline->Illuminate/Pipeline/{closure}(Object(Illuminate/Http/Request))
#28 D:/projects/emmiox-academy/emmiox-academy/vendor/laravel/framework/src/Illuminate/Pipeline/Pipeline.php(209): Illuminate/Foundation/Http/Middleware/VerifyCsrfToken->handle(Object(Illuminate/Http/Request), Object(Closure))
#29 D:/projects/emmiox-academy/emmiox-academy/vendor/laravel/framework/src/Illuminate/View/Middleware/ShareErrorsFromSession.php(49): Illuminate/Pipeline/Pipeline->Illuminate/Pipeline/{closure}(Object(Illuminate/Http/Request))
#30 D:/projects/emmiox-academy/emmiox-academy/vendor/laravel/framework/src/Illuminate/Pipeline/Pipeline.php(209): Illuminate/View/Middleware/ShareErrorsFromSession->handle(Object(Illuminate/Http/Request), Object(Closure))
#31 D:/projects/emmiox-academy/emmiox-academy/vendor/laravel/framework/src/Illuminate/Session/Middleware/StartSession.php(121): Illuminate/Pipeline/Pipeline->Illuminate/Pipeline/{closure}(Object(Illuminate/Http/Request))
#32 D:/projects/emmiox-academy/emmiox-academy/vendor/laravel/framework/src/Illuminate/Session/Middleware/StartSession.php(64): Illuminate/Session/Middleware/StartSession->handleStatefulRequest(Object(Illuminate/Http/Request), Object(Illuminate/Session/Store), Object(Closure))
#33 D:/projects/emmiox-academy/emmiox-academy/vendor/laravel/framework/src/Illuminate/Pipeline/Pipeline.php(209): Illuminate/Session/Middleware/StartSession->handle(Object(Illuminate/Http/Request), Object(Closure))
#34 D:/projects/emmiox-academy/emmiox-academy/vendor/laravel/framework/src/Illuminate/Cookie/Middleware/AddQueuedCookiesToResponse.php(37): Illuminate/Pipeline/Pipeline->Illuminate/Pipeline/{closure}(Object(Illuminate/Http/Request))
#35 D:/projects/emmiox-academy/emmiox-academy/vendor/laravel/framework/src/Illuminate/Pipeline/Pipeline.php(209): Illuminate/Cookie/Middleware/AddQueuedCookiesToResponse->handle(Object(Illuminate/Http/Request), Object(Closure))
#36 D:/projects/emmiox-academy/emmiox-academy/vendor/laravel/framework/src/Illuminate/Cookie/Middleware/EncryptCookies.php(75): Illuminate/Pipeline/Pipeline->Illuminate/Pipeline/{closure}(Object(Illuminate/Http/Request))
#37 D:/projects/emmiox-academy/emmiox-academy/vendor/laravel/framework/src/Illuminate/Pipeline/Pipeline.php(209): Illuminate/Cookie/Middleware/EncryptCookies->handle(Object(Illuminate/Http/Request), Object(Closure))
#38 D:/projects/emmiox-academy/emmiox-academy/vendor/laravel/framework/src/Illuminate/Pipeline/Pipeline.php(127): Illuminate/Pipeline/Pipeline->Illuminate/Pipeline/{closure}(Object(Illuminate/Http/Request))
#39 D:/projects/emmiox-academy/emmiox-academy/vendor/laravel/framework/src/Illuminate/Routing/Router.php(807): Illuminate/Pipeline/Pipeline->then(Object(Closure))
#40 D:/projects/emmiox-academy/emmiox-academy/vendor/laravel/framework/src/Illuminate/Routing/Router.php(786): Illuminate/Routing/Router->runRouteWithinStack(Object(Illuminate/Routing/Route), Object(Illuminate/Http/Request))
#41 D:/projects/emmiox-academy/emmiox-academy/vendor/laravel/framework/src/Illuminate/Routing/Router.php(750): Illuminate/Routing/Router->runRoute(Object(Illuminate/Http/Request), Object(Illuminate/Routing/Route))
#42 D:/projects/emmiox-academy/emmiox-academy/vendor/laravel/framework/src/Illuminate/Routing/Router.php(739): Illuminate/Routing/Router->dispatchToRoute(Object(Illuminate/Http/Request))
#43 D:/projects/emmiox-academy/emmiox-academy/vendor/laravel/framework/src/Illuminate/Foundation/Http/Kernel.php(201): Illuminate/Routing/Router->dispatch(Object(Illuminate/Http/Request))
#44 D:/projects/emmiox-academy/emmiox-academy/vendor/laravel/framework/src/Illuminate/Pipeline/Pipeline.php(170): Illuminate/Foundation/Http/Kernel->Illuminate/Foundation/Http/{closure}(Object(Illuminate/Http/Request))
#45 D:/projects/emmiox-academy/emmiox-academy/vendor/laravel/framework/src/Illuminate/Foundation/Http/Middleware/TransformsRequest.php(21): Illuminate/Pipeline/Pipeline->Illuminate/Pipeline/{closure}(Object(Illuminate/Http/Request))
#46 D:/projects/emmiox-academy/emmiox-academy/vendor/laravel/framework/src/Illuminate/Foundation/Http/Middleware/ConvertEmptyStringsToNull.php(31): Illuminate/Foundation/Http/Middleware/TransformsRequest->handle(Object(Illuminate/Http/Request), Object(Closure))
#47 D:/projects/emmiox-academy/emmiox-academy/vendor/laravel/framework/src/Illuminate/Pipeline/Pipeline.php(209): Illuminate/Foundation/Http/Middleware/ConvertEmptyStringsToNull->handle(Object(Illuminate/Http/Request), Object(Closure))
#48 D:/projects/emmiox-academy/emmiox-academy/vendor/laravel/framework/src/Illuminate/Foundation/Http/Middleware/TransformsRequest.php(21): Illuminate/Pipeline/Pipeline->Illuminate/Pipeline/{closure}(Object(Illuminate/Http/Request))
#49 D:/projects/emmiox-academy/emmiox-academy/vendor/laravel/framework/src/Illuminate/Foundation/Http/Middleware/TrimStrings.php(51): Illuminate/Foundation/Http/Middleware/TransformsRequest->handle(Object(Illuminate/Http/Request), Object(Closure))
#50 D:/projects/emmiox-academy/emmiox-academy/vendor/laravel/framework/src/Illuminate/Pipeline/Pipeline.php(209): Illuminate/Foundation/Http/Middleware/TrimStrings->handle(Object(Illuminate/Http/Request), Object(Closure))
#51 D:/projects/emmiox-academy/emmiox-academy/vendor/laravel/framework/src/Illuminate/Http/Middleware/ValidatePostSize.php(27): Illuminate/Pipeline/Pipeline->Illuminate/Pipeline/{closure}(Object(Illuminate/Http/Request))
#52 D:/projects/emmiox-academy/emmiox-academy/vendor/laravel/framework/src/Illuminate/Pipeline/Pipeline.php(209): Illuminate/Http/Middleware/ValidatePostSize->handle(Object(Illuminate/Http/Request), Object(Closure))
#53 D:/projects/emmiox-academy/emmiox-academy/vendor/laravel/framework/src/Illuminate/Foundation/Http/Middleware/PreventRequestsDuringMaintenance.php(110): Illuminate/Pipeline/Pipeline->Illuminate/Pipeline/{closure}(Object(Illuminate/Http/Request))
#54 D:/projects/emmiox-academy/emmiox-academy/vendor/laravel/framework/src/Illuminate/Pipeline/Pipeline.php(209): Illuminate/Foundation/Http/Middleware/PreventRequestsDuringMaintenance->handle(Object(Illuminate/Http/Request), Object(Closure))
#55 D:/projects/emmiox-academy/emmiox-academy/vendor/laravel/framework/src/Illuminate/Http/Middleware/HandleCors.php(49): Illuminate/Pipeline/Pipeline->Illuminate/Pipeline/{closure}(Object(Illuminate/Http/Request))
#56 D:/projects/emmiox-academy/emmiox-academy/vendor/laravel/framework/src/Illuminate/Pipeline/Pipeline.php(209): Illuminate/Http/Middleware/HandleCors->handle(Object(Illuminate/Http/Request), Object(Closure))
#57 D:/projects/emmiox-academy/emmiox-academy/vendor/laravel/framework/src/Illuminate/Http/Middleware/TrustProxies.php(58): Illuminate/Pipeline/Pipeline->Illuminate/Pipeline/{closure}(Object(Illuminate/Http/Request))
#58 D:/projects/emmiox-academy/emmiox-academy/vendor/laravel/framework/src/Illuminate/Pipeline/Pipeline.php(209): Illuminate/Http/Middleware/TrustProxies->handle(Object(Illuminate/Http/Request), Object(Closure))
#59 D:/projects/emmiox-academy/emmiox-academy/vendor/laravel/framework/src/Illuminate/Foundation/Http/Middleware/InvokeDeferredCallbacks.php(22): Illuminate/Pipeline/Pipeline->Illuminate/Pipeline/{closure}(Object(Illuminate/Http/Request))
#60 D:/projects/emmiox-academy/emmiox-academy/vendor/laravel/framework/src/Illuminate/Pipeline/Pipeline.php(209): Illuminate/Foundation/Http/Middleware/InvokeDeferredCallbacks->handle(Object(Illuminate/Http/Request), Object(Closure))
#61 D:/projects/emmiox-academy/emmiox-academy/vendor/laravel/framework/src/Illuminate/Pipeline/Pipeline.php(127): Illuminate/Pipeline/Pipeline->Illuminate/Pipeline/{closure}(Object(Illuminate/Http/Request))
#62 D:/projects/emmiox-academy/emmiox-academy/vendor/laravel/framework/src/Illuminate/Foundation/Http/Kernel.php(176): Illuminate/Pipeline/Pipeline->then(Object(Closure))
#63 D:/projects/emmiox-academy/emmiox-academy/vendor/laravel/framework/src/Illuminate/Foundation/Http/Kernel.php(145): Illuminate/Foundation/Http/Kernel->sendRequestThroughRouter(Object(Illuminate/Http/Request))
#64 D:/projects/emmiox-academy/emmiox-academy/vendor/laravel/framework/src/Illuminate/Foundation/Application.php(1220): Illuminate/Foundation/Http/Kernel->handle(Object(Illuminate/Http/Request))
#65 D:/projects/emmiox-academy/emmiox-academy/public/index.php(17): Illuminate/Foundation/Application->handleRequest(Object(Illuminate/Http/Request))
#66 D:/projects/emmiox-academy/emmiox-academy/vendor/laravel/framework/src/Illuminate/Foundation/resources/server.php(23): require_once('D://projects//emm...')
#67 {main}
"} 
[2026-08-22 11:23:25] local.ERROR: SQLSTATE[42S02]: Base table or view not found: 1146 Table 'emmiox_academy.user_login_sessions' doesn't exist (Connection: mysql, SQL: select * from `user_login_sessions` where `user_login_sessions`.`user_id` in (4) order by `last_seen_at` desc) {"userId":1,"exception":"[object] (Illuminate\\Database\\QueryException(code: 42S02): SQLSTATE[42S02]: Base table or view not found: 1146 Table 'emmiox_academy.user_login_sessions' doesn't exist (Connection: mysql, SQL: select * from `user_login_sessions` where `user_login_sessions`.`user_id` in (4) order by `last_seen_at` desc) at D:/projects/emmiox-academy/emmiox-academy/vendor/laravel/framework/src/Illuminate/Database/Connection.php:825)
[stacktrace]
#0 D:/projects/emmiox-academy/emmiox-academy/vendor/laravel/framework/src/Illuminate/Database/Connection.php(779): Illuminate/Database/Connection->runQueryCallback('select * from `...', Array, Object(Closure))
#1 D:/projects/emmiox-academy/emmiox-academy/vendor/laravel/framework/src/Illuminate/Database/Connection.php(398): Illuminate/Database/Connection->run('select * from `...', Array, Object(Closure))
#2 D:/projects/emmiox-academy/emmiox-academy/vendor/laravel/framework/src/Illuminate/Database/Query/Builder.php(3106): Illuminate/Database/Connection->select('select * from `...', Array, true)
#3 D:/projects/emmiox-academy/emmiox-academy/vendor/laravel/framework/src/Illuminate/Database/Query/Builder.php(3091): Illuminate/Database/Query/Builder->runSelect()
#4 D:/projects/emmiox-academy/emmiox-academy/vendor/laravel/framework/src/Illuminate/Database/Query/Builder.php(3676): Illuminate/Database/Query/Builder->Illuminate/Database/Query/{closure}()
#5 D:/projects/emmiox-academy/emmiox-academy/vendor/laravel/framework/src/Illuminate/Database/Query/Builder.php(3090): Illuminate/Database/Query/Builder->onceWithColumns(Array, Object(Closure))
#6 D:/projects/emmiox-academy/emmiox-academy/vendor/laravel/framework/src/Illuminate/Database/Eloquent/Builder.php(811): Illuminate/Database/Query/Builder->get(Array)
#7 D:/projects/emmiox-academy/emmiox-academy/vendor/laravel/framework/src/Illuminate/Database/Eloquent/Builder.php(793): Illuminate/Database/Eloquent/Builder->getModels(Array)
#8 D:/projects/emmiox-academy/emmiox-academy/vendor/laravel/framework/src/Illuminate/Database/Eloquent/Relations/Relation.php(213): Illuminate/Database/Eloquent/Builder->get(Array)
#9 D:/projects/emmiox-academy/emmiox-academy/vendor/laravel/framework/src/Illuminate/Database/Eloquent/Relations/Relation.php(176): Illuminate/Database/Eloquent/Relations/Relation->get()
#10 D:/projects/emmiox-academy/emmiox-academy/vendor/laravel/framework/src/Illuminate/Database/Eloquent/Builder.php(859): Illuminate/Database/Eloquent/Relations/Relation->getEager()
#11 D:/projects/emmiox-academy/emmiox-academy/vendor/laravel/framework/src/Illuminate/Database/Eloquent/Builder.php(828): Illuminate/Database/Eloquent/Builder->eagerLoadRelation(Array, 'loginSessions', Object(Closure))
#12 D:/projects/emmiox-academy/emmiox-academy/vendor/laravel/framework/src/Illuminate/Database/Eloquent/Model.php(724): Illuminate/Database/Eloquent/Builder->eagerLoadRelations(Array)
#13 D:/projects/emmiox-academy/emmiox-academy/app/Http/Controllers/Admin/MemberController.php(36): Illuminate/Database/Eloquent/Model->load(Array)
#14 D:/projects/emmiox-academy/emmiox-academy/vendor/laravel/framework/src/Illuminate/Routing/ControllerDispatcher.php(47): App/Http/Controllers/Admin/MemberController->show(Object(App/Models/User))
#15 D:/projects/emmiox-academy/emmiox-academy/vendor/laravel/framework/src/Illuminate/Routing/Route.php(266): Illuminate/Routing/ControllerDispatcher->dispatch(Object(Illuminate/Routing/Route), Object(App/Http/Controllers/Admin/MemberController), 'show')
#16 D:/projects/emmiox-academy/emmiox-academy/vendor/laravel/framework/src/Illuminate/Routing/Route.php(212): Illuminate/Routing/Route->runController()
#17 D:/projects/emmiox-academy/emmiox-academy/vendor/laravel/framework/src/Illuminate/Routing/Router.php(808): Illuminate/Routing/Route->run()
#18 D:/projects/emmiox-academy/emmiox-academy/vendor/laravel/framework/src/Illuminate/Pipeline/Pipeline.php(170): Illuminate/Routing/Router->Illuminate/Routing/{closure}(Object(Illuminate/Http/Request))
#19 D:/projects/emmiox-academy/emmiox-academy/app/Http/Middleware/EnsureUserIsAdmin.php(17): Illuminate/Pipeline/Pipeline->Illuminate/Pipeline/{closure}(Object(Illuminate/Http/Request))
#20 D:/projects/emmiox-academy/emmiox-academy/vendor/laravel/framework/src/Illuminate/Pipeline/Pipeline.php(209): App/Http/Middleware/EnsureUserIsAdmin->handle(Object(Illuminate/Http/Request), Object(Closure))
#21 D:/projects/emmiox-academy/emmiox-academy/vendor/laravel/framework/src/Illuminate/Routing/Middleware/SubstituteBindings.php(51): Illuminate/Pipeline/Pipeline->Illuminate/Pipeline/{closure}(Object(Illuminate/Http/Request))
#22 D:/projects/emmiox-academy/emmiox-academy/vendor/laravel/framework/src/Illuminate/Pipeline/Pipeline.php(209): Illuminate/Routing/Middleware/SubstituteBindings->handle(Object(Illuminate/Http/Request), Object(Closure))
#23 D:/projects/emmiox-academy/emmiox-academy/vendor/laravel/framework/src/Illuminate/Auth/Middleware/Authenticate.php(64): Illuminate/Pipeline/Pipeline->Illuminate/Pipeline/{closure}(Object(Illuminate/Http/Request))
#24 D:/projects/emmiox-academy/emmiox-academy/vendor/laravel/framework/src/Illuminate/Pipeline/Pipeline.php(209): Illuminate/Auth/Middleware/Authenticate->handle(Object(Illuminate/Http/Request), Object(Closure))
#25 D:/projects/emmiox-academy/emmiox-academy/vendor/laravel/framework/src/Illuminate/Foundation/Http/Middleware/VerifyCsrfToken.php(88): Illuminate/Pipeline/Pipeline->Illuminate/Pipeline/{closure}(Object(Illuminate/Http/Request))
#26 D:/projects/emmiox-academy/emmiox-academy/vendor/laravel/framework/src/Illuminate/Pipeline/Pipeline.php(209): Illuminate/Foundation/Http/Middleware/VerifyCsrfToken->handle(Object(Illuminate/Http/Request), Object(Closure))
#27 D:/projects/emmiox-academy/emmiox-academy/vendor/laravel/framework/src/Illuminate/View/Middleware/ShareErrorsFromSession.php(49): Illuminate/Pipeline/Pipeline->Illuminate/Pipeline/{closure}(Object(Illuminate/Http/Request))
#28 D:/projects/emmiox-academy/emmiox-academy/vendor/laravel/framework/src/Illuminate/Pipeline/Pipeline.php(209): Illuminate/View/Middleware/ShareErrorsFromSession->handle(Object(Illuminate/Http/Request), Object(Closure))
#29 D:/projects/emmiox-academy/emmiox-academy/vendor/laravel/framework/src/Illuminate/Session/Middleware/StartSession.php(121): Illuminate/Pipeline/Pipeline->Illuminate/Pipeline/{closure}(Object(Illuminate/Http/Request))
#30 D:/projects/emmiox-academy/emmiox-academy/vendor/laravel/framework/src/Illuminate/Session/Middleware/StartSession.php(64): Illuminate/Session/Middleware/StartSession->handleStatefulRequest(Object(Illuminate/Http/Request), Object(Illuminate/Session/Store), Object(Closure))
#31 D:/projects/emmiox-academy/emmiox-academy/vendor/laravel/framework/src/Illuminate/Pipeline/Pipeline.php(209): Illuminate/Session/Middleware/StartSession->handle(Object(Illuminate/Http/Request), Object(Closure))
#32 D:/projects/emmiox-academy/emmiox-academy/vendor/laravel/framework/src/Illuminate/Cookie/Middleware/AddQueuedCookiesToResponse.php(37): Illuminate/Pipeline/Pipeline->Illuminate/Pipeline/{closure}(Object(Illuminate/Http/Request))
#33 D:/projects/emmiox-academy/emmiox-academy/vendor/laravel/framework/src/Illuminate/Pipeline/Pipeline.php(209): Illuminate/Cookie/Middleware/AddQueuedCookiesToResponse->handle(Object(Illuminate/Http/Request), Object(Closure))
#34 D:/projects/emmiox-academy/emmiox-academy/vendor/laravel/framework/src/Illuminate/Cookie/Middleware/EncryptCookies.php(75): Illuminate/Pipeline/Pipeline->Illuminate/Pipeline/{closure}(Object(Illuminate/Http/Request))
#35 D:/projects/emmiox-academy/emmiox-academy/vendor/laravel/framework/src/Illuminate/Pipeline/Pipeline.php(209): Illuminate/Cookie/Middleware/EncryptCookies->handle(Object(Illuminate/Http/Request), Object(Closure))
#36 D:/projects/emmiox-academy/emmiox-academy/vendor/laravel/framework/src/Illuminate/Pipeline/Pipeline.php(127): Illuminate/Pipeline/Pipeline->Illuminate/Pipeline/{closure}(Object(Illuminate/Http/Request))
#37 D:/projects/emmiox-academy/emmiox-academy/vendor/laravel/framework/src/Illuminate/Routing/Router.php(807): Illuminate/Pipeline/Pipeline->then(Object(Closure))
#38 D:/projects/emmiox-academy/emmiox-academy/vendor/laravel/framework/src/Illuminate/Routing/Router.php(786): Illuminate/Routing/Router->runRouteWithinStack(Object(Illuminate/Routing/Route), Object(Illuminate/Http/Request))
#39 D:/projects/emmiox-academy/emmiox-academy/vendor/laravel/framework/src/Illuminate/Routing/Router.php(750): Illuminate/Routing/Router->runRoute(Object(Illuminate/Http/Request), Object(Illuminate/Routing/Route))
#40 D:/projects/emmiox-academy/emmiox-academy/vendor/laravel/framework/src/Illuminate/Routing/Router.php(739): Illuminate/Routing/Router->dispatchToRoute(Object(Illuminate/Http/Request))
#41 D:/projects/emmiox-academy/emmiox-academy/vendor/laravel/framework/src/Illuminate/Foundation/Http/Kernel.php(201): Illuminate/Routing/Router->dispatch(Object(Illuminate/Http/Request))
#42 D:/projects/emmiox-academy/emmiox-academy/vendor/laravel/framework/src/Illuminate/Pipeline/Pipeline.php(170): Illuminate/Foundation/Http/Kernel->Illuminate/Foundation/Http/{closure}(Object(Illuminate/Http/Request))
#43 D:/projects/emmiox-academy/emmiox-academy/vendor/laravel/framework/src/Illuminate/Foundation/Http/Middleware/TransformsRequest.php(21): Illuminate/Pipeline/Pipeline->Illuminate/Pipeline/{closure}(Object(Illuminate/Http/Request))
#44 D:/projects/emmiox-academy/emmiox-academy/vendor/laravel/framework/src/Illuminate/Foundation/Http/Middleware/ConvertEmptyStringsToNull.php(31): Illuminate/Foundation/Http/Middleware/TransformsRequest->handle(Object(Illuminate/Http/Request), Object(Closure))
#45 D:/projects/emmiox-academy/emmiox-academy/vendor/laravel/framework/src/Illuminate/Pipeline/Pipeline.php(209): Illuminate/Foundation/Http/Middleware/ConvertEmptyStringsToNull->handle(Object(Illuminate/Http/Request), Object(Closure))
#46 D:/projects/emmiox-academy/emmiox-academy/vendor/laravel/framework/src/Illuminate/Foundation/Http/Middleware/TransformsRequest.php(21): Illuminate/Pipeline/Pipeline->Illuminate/Pipeline/{closure}(Object(Illuminate/Http/Request))
#47 D:/projects/emmiox-academy/emmiox-academy/vendor/laravel/framework/src/Illuminate/Foundation/Http/Middleware/TrimStrings.php(51): Illuminate/Foundation/Http/Middleware/TransformsRequest->handle(Object(Illuminate/Http/Request), Object(Closure))
#48 D:/projects/emmiox-academy/emmiox-academy/vendor/laravel/framework/src/Illuminate/Pipeline/Pipeline.php(209): Illuminate/Foundation/Http/Middleware/TrimStrings->handle(Object(Illuminate/Http/Request), Object(Closure))
#49 D:/projects/emmiox-academy/emmiox-academy/vendor/laravel/framework/src/Illuminate/Http/Middleware/ValidatePostSize.php(27): Illuminate/Pipeline/Pipeline->Illuminate/Pipeline/{closure}(Object(Illuminate/Http/Request))
#50 D:/projects/emmiox-academy/emmiox-academy/vendor/laravel/framework/src/Illuminate/Pipeline/Pipeline.php(209): Illuminate/Http/Middleware/ValidatePostSize->handle(Object(Illuminate/Http/Request), Object(Closure))
#51 D:/projects/emmiox-academy/emmiox-academy/vendor/laravel/framework/src/Illuminate/Foundation/Http/Middleware/PreventRequestsDuringMaintenance.php(110): Illuminate/Pipeline/Pipeline->Illuminate/Pipeline/{closure}(Object(Illuminate/Http/Request))
#52 D:/projects/emmiox-academy/emmiox-academy/vendor/laravel/framework/src/Illuminate/Pipeline/Pipeline.php(209): Illuminate/Foundation/Http/Middleware/PreventRequestsDuringMaintenance->handle(Object(Illuminate/Http/Request), Object(Closure))
#53 D:/projects/emmiox-academy/emmiox-academy/vendor/laravel/framework/src/Illuminate/Http/Middleware/HandleCors.php(49): Illuminate/Pipeline/Pipeline->Illuminate/Pipeline/{closure}(Object(Illuminate/Http/Request))
#54 D:/projects/emmiox-academy/emmiox-academy/vendor/laravel/framework/src/Illuminate/Pipeline/Pipeline.php(209): Illuminate/Http/Middleware/HandleCors->handle(Object(Illuminate/Http/Request), Object(Closure))
#55 D:/projects/emmiox-academy/emmiox-academy/vendor/laravel/framework/src/Illuminate/Http/Middleware/TrustProxies.php(58): Illuminate/Pipeline/Pipeline->Illuminate/Pipeline/{closure}(Object(Illuminate/Http/Request))
#56 D:/projects/emmiox-academy/emmiox-academy/vendor/laravel/framework/src/Illuminate/Pipeline/Pipeline.php(209): Illuminate/Http/Middleware/TrustProxies->handle(Object(Illuminate/Http/Request), Object(Closure))
#57 D:/projects/emmiox-academy/emmiox-academy/vendor/laravel/framework/src/Illuminate/Foundation/Http/Middleware/InvokeDeferredCallbacks.php(22): Illuminate/Pipeline/Pipeline->Illuminate/Pipeline/{closure}(Object(Illuminate/Http/Request))
#58 D:/projects/emmiox-academy/emmiox-academy/vendor/laravel/framework/src/Illuminate/Pipeline/Pipeline.php(209): Illuminate/Foundation/Http/Middleware/InvokeDeferredCallbacks->handle(Object(Illuminate/Http/Request), Object(Closure))
#59 D:/projects/emmiox-academy/emmiox-academy/vendor/laravel/framework/src/Illuminate/Pipeline/Pipeline.php(127): Illuminate/Pipeline/Pipeline->Illuminate/Pipeline/{closure}(Object(Illuminate/Http/Request))
#60 D:/projects/emmiox-academy/emmiox-academy/vendor/laravel/framework/src/Illuminate/Foundation/Http/Kernel.php(176): Illuminate/Pipeline/Pipeline->then(Object(Closure))
#61 D:/projects/emmiox-academy/emmiox-academy/vendor/laravel/framework/src/Illuminate/Foundation/Http/Kernel.php(145): Illuminate/Foundation/Http/Kernel->sendRequestThroughRouter(Object(Illuminate/Http/Request))
#62 D:/projects/emmiox-academy/emmiox-academy/vendor/laravel/framework/src/Illuminate/Foundation/Application.php(1220): Illuminate/Foundation/Http/Kernel->handle(Object(Illuminate/Http/Request))
#63 D:/projects/emmiox-academy/emmiox-academy/public/index.php(17): Illuminate/Foundation/Application->handleRequest(Object(Illuminate/Http/Request))
#64 D:/projects/emmiox-academy/emmiox-academy/vendor/laravel/framework/src/Illuminate/Foundation/resources/server.php(23): require_once('D://projects//emm...')
#65 {main}

[previous exception] [object] (PDOException(code: 42S02): SQLSTATE[42S02]: Base table or view not found: 1146 Table 'emmiox_academy.user_login_sessions' doesn't exist at D:/projects/emmiox-academy/emmiox-academy/vendor/laravel/framework/src/Illuminate/Database/Connection.php:407)
[stacktrace]
#0 D:/projects/emmiox-academy/emmiox-academy/vendor/laravel/framework/src/Illuminate/Database/Connection.php(407): PDO->prepare('select * from `...')
#1 D:/projects/emmiox-academy/emmiox-academy/vendor/laravel/framework/src/Illuminate/Database/Connection.php(812): Illuminate/Database/Connection->Illuminate/Database/{closure}('select * from `...', Array)
#2 D:/projects/emmiox-academy/emmiox-academy/vendor/laravel/framework/src/Illuminate/Database/Connection.php(779): Illuminate/Database/Connection->runQueryCallback('select * from `...', Array, Object(Closure))
#3 D:/projects/emmiox-academy/emmiox-academy/vendor/laravel/framework/src/Illuminate/Database/Connection.php(398): Illuminate/Database/Connection->run('select * from `...', Array, Object(Closure))
#4 D:/projects/emmiox-academy/emmiox-academy/vendor/laravel/framework/src/Illuminate/Database/Query/Builder.php(3106): Illuminate/Database/Connection->select('select * from `...', Array, true)
#5 D:/projects/emmiox-academy/emmiox-academy/vendor/laravel/framework/src/Illuminate/Database/Query/Builder.php(3091): Illuminate/Database/Query/Builder->runSelect()
#6 D:/projects/emmiox-academy/emmiox-academy/vendor/laravel/framework/src/Illuminate/Database/Query/Builder.php(3676): Illuminate/Database/Query/Builder->Illuminate/Database/Query/{closure}()
#7 D:/projects/emmiox-academy/emmiox-academy/vendor/laravel/framework/src/Illuminate/Database/Query/Builder.php(3090): Illuminate/Database/Query/Builder->onceWithColumns(Array, Object(Closure))
#8 D:/projects/emmiox-academy/emmiox-academy/vendor/laravel/framework/src/Illuminate/Database/Eloquent/Builder.php(811): Illuminate/Database/Query/Builder->get(Array)
#9 D:/projects/emmiox-academy/emmiox-academy/vendor/laravel/framework/src/Illuminate/Database/Eloquent/Builder.php(793): Illuminate/Database/Eloquent/Builder->getModels(Array)
#10 D:/projects/emmiox-academy/emmiox-academy/vendor/laravel/framework/src/Illuminate/Database/Eloquent/Relations/Relation.php(213): Illuminate/Database/Eloquent/Builder->get(Array)
#11 D:/projects/emmiox-academy/emmiox-academy/vendor/laravel/framework/src/Illuminate/Database/Eloquent/Relations/Relation.php(176): Illuminate/Database/Eloquent/Relations/Relation->get()
#12 D:/projects/emmiox-academy/emmiox-academy/vendor/laravel/framework/src/Illuminate/Database/Eloquent/Builder.php(859): Illuminate/Database/Eloquent/Relations/Relation->getEager()
#13 D:/projects/emmiox-academy/emmiox-academy/vendor/laravel/framework/src/Illuminate/Database/Eloquent/Builder.php(828): Illuminate/Database/Eloquent/Builder->eagerLoadRelation(Array, 'loginSessions', Object(Closure))
#14 D:/projects/emmiox-academy/emmiox-academy/vendor/laravel/framework/src/Illuminate/Database/Eloquent/Model.php(724): Illuminate/Database/Eloquent/Builder->eagerLoadRelations(Array)
#15 D:/projects/emmiox-academy/emmiox-academy/app/Http/Controllers/Admin/MemberController.php(36): Illuminate/Database/Eloquent/Model->load(Array)
#16 D:/projects/emmiox-academy/emmiox-academy/vendor/laravel/framework/src/Illuminate/Routing/ControllerDispatcher.php(47): App/Http/Controllers/Admin/MemberController->show(Object(App/Models/User))
#17 D:/projects/emmiox-academy/emmiox-academy/vendor/laravel/framework/src/Illuminate/Routing/Route.php(266): Illuminate/Routing/ControllerDispatcher->dispatch(Object(Illuminate/Routing/Route), Object(App/Http/Controllers/Admin/MemberController), 'show')
#18 D:/projects/emmiox-academy/emmiox-academy/vendor/laravel/framework/src/Illuminate/Routing/Route.php(212): Illuminate/Routing/Route->runController()
#19 D:/projects/emmiox-academy/emmiox-academy/vendor/laravel/framework/src/Illuminate/Routing/Router.php(808): Illuminate/Routing/Route->run()
#20 D:/projects/emmiox-academy/emmiox-academy/vendor/laravel/framework/src/Illuminate/Pipeline/Pipeline.php(170): Illuminate/Routing/Router->Illuminate/Routing/{closure}(Object(Illuminate/Http/Request))
#21 D:/projects/emmiox-academy/emmiox-academy/app/Http/Middleware/EnsureUserIsAdmin.php(17): Illuminate/Pipeline/Pipeline->Illuminate/Pipeline/{closure}(Object(Illuminate/Http/Request))
#22 D:/projects/emmiox-academy/emmiox-academy/vendor/laravel/framework/src/Illuminate/Pipeline/Pipeline.php(209): App/Http/Middleware/EnsureUserIsAdmin->handle(Object(Illuminate/Http/Request), Object(Closure))
#23 D:/projects/emmiox-academy/emmiox-academy/vendor/laravel/framework/src/Illuminate/Routing/Middleware/SubstituteBindings.php(51): Illuminate/Pipeline/Pipeline->Illuminate/Pipeline/{closure}(Object(Illuminate/Http/Request))
#24 D:/projects/emmiox-academy/emmiox-academy/vendor/laravel/framework/src/Illuminate/Pipeline/Pipeline.php(209): Illuminate/Routing/Middleware/SubstituteBindings->handle(Object(Illuminate/Http/Request), Object(Closure))
#25 D:/projects/emmiox-academy/emmiox-academy/vendor/laravel/framework/src/Illuminate/Auth/Middleware/Authenticate.php(64): Illuminate/Pipeline/Pipeline->Illuminate/Pipeline/{closure}(Object(Illuminate/Http/Request))
#26 D:/projects/emmiox-academy/emmiox-academy/vendor/laravel/framework/src/Illuminate/Pipeline/Pipeline.php(209): Illuminate/Auth/Middleware/Authenticate->handle(Object(Illuminate/Http/Request), Object(Closure))
#27 D:/projects/emmiox-academy/emmiox-academy/vendor/laravel/framework/src/Illuminate/Foundation/Http/Middleware/VerifyCsrfToken.php(88): Illuminate/Pipeline/Pipeline->Illuminate/Pipeline/{closure}(Object(Illuminate/Http/Request))
#28 D:/projects/emmiox-academy/emmiox-academy/vendor/laravel/framework/src/Illuminate/Pipeline/Pipeline.php(209): Illuminate/Foundation/Http/Middleware/VerifyCsrfToken->handle(Object(Illuminate/Http/Request), Object(Closure))
#29 D:/projects/emmiox-academy/emmiox-academy/vendor/laravel/framework/src/Illuminate/View/Middleware/ShareErrorsFromSession.php(49): Illuminate/Pipeline/Pipeline->Illuminate/Pipeline/{closure}(Object(Illuminate/Http/Request))
#30 D:/projects/emmiox-academy/emmiox-academy/vendor/laravel/framework/src/Illuminate/Pipeline/Pipeline.php(209): Illuminate/View/Middleware/ShareErrorsFromSession->handle(Object(Illuminate/Http/Request), Object(Closure))
#31 D:/projects/emmiox-academy/emmiox-academy/vendor/laravel/framework/src/Illuminate/Session/Middleware/StartSession.php(121): Illuminate/Pipeline/Pipeline->Illuminate/Pipeline/{closure}(Object(Illuminate/Http/Request))
#32 D:/projects/emmiox-academy/emmiox-academy/vendor/laravel/framework/src/Illuminate/Session/Middleware/StartSession.php(64): Illuminate/Session/Middleware/StartSession->handleStatefulRequest(Object(Illuminate/Http/Request), Object(Illuminate/Session/Store), Object(Closure))
#33 D:/projects/emmiox-academy/emmiox-academy/vendor/laravel/framework/src/Illuminate/Pipeline/Pipeline.php(209): Illuminate/Session/Middleware/StartSession->handle(Object(Illuminate/Http/Request), Object(Closure))
#34 D:/projects/emmiox-academy/emmiox-academy/vendor/laravel/framework/src/Illuminate/Cookie/Middleware/AddQueuedCookiesToResponse.php(37): Illuminate/Pipeline/Pipeline->Illuminate/Pipeline/{closure}(Object(Illuminate/Http/Request))
#35 D:/projects/emmiox-academy/emmiox-academy/vendor/laravel/framework/src/Illuminate/Pipeline/Pipeline.php(209): Illuminate/Cookie/Middleware/AddQueuedCookiesToResponse->handle(Object(Illuminate/Http/Request), Object(Closure))
#36 D:/projects/emmiox-academy/emmiox-academy/vendor/laravel/framework/src/Illuminate/Cookie/Middleware/EncryptCookies.php(75): Illuminate/Pipeline/Pipeline->Illuminate/Pipeline/{closure}(Object(Illuminate/Http/Request))
#37 D:/projects/emmiox-academy/emmiox-academy/vendor/laravel/framework/src/Illuminate/Pipeline/Pipeline.php(209): Illuminate/Cookie/Middleware/EncryptCookies->handle(Object(Illuminate/Http/Request), Object(Closure))
#38 D:/projects/emmiox-academy/emmiox-academy/vendor/laravel/framework/src/Illuminate/Pipeline/Pipeline.php(127): Illuminate/Pipeline/Pipeline->Illuminate/Pipeline/{closure}(Object(Illuminate/Http/Request))
#39 D:/projects/emmiox-academy/emmiox-academy/vendor/laravel/framework/src/Illuminate/Routing/Router.php(807): Illuminate/Pipeline/Pipeline->then(Object(Closure))
#40 D:/projects/emmiox-academy/emmiox-academy/vendor/laravel/framework/src/Illuminate/Routing/Router.php(786): Illuminate/Routing/Router->runRouteWithinStack(Object(Illuminate/Routing/Route), Object(Illuminate/Http/Request))
#41 D:/projects/emmiox-academy/emmiox-academy/vendor/laravel/framework/src/Illuminate/Routing/Router.php(750): Illuminate/Routing/Router->runRoute(Object(Illuminate/Http/Request), Object(Illuminate/Routing/Route))
#42 D:/projects/emmiox-academy/emmiox-academy/vendor/laravel/framework/src/Illuminate/Routing/Router.php(739): Illuminate/Routing/Router->dispatchToRoute(Object(Illuminate/Http/Request))
#43 D:/projects/emmiox-academy/emmiox-academy/vendor/laravel/framework/src/Illuminate/Foundation/Http/Kernel.php(201): Illuminate/Routing/Router->dispatch(Object(Illuminate/Http/Request))
#44 D:/projects/emmiox-academy/emmiox-academy/vendor/laravel/framework/src/Illuminate/Pipeline/Pipeline.php(170): Illuminate/Foundation/Http/Kernel->Illuminate/Foundation/Http/{closure}(Object(Illuminate/Http/Request))
#45 D:/projects/emmiox-academy/emmiox-academy/vendor/laravel/framework/src/Illuminate/Foundation/Http/Middleware/TransformsRequest.php(21): Illuminate/Pipeline/Pipeline->Illuminate/Pipeline/{closure}(Object(Illuminate/Http/Request))
#46 D:/projects/emmiox-academy/emmiox-academy/vendor/laravel/framework/src/Illuminate/Foundation/Http/Middleware/ConvertEmptyStringsToNull.php(31): Illuminate/Foundation/Http/Middleware/TransformsRequest->handle(Object(Illuminate/Http/Request), Object(Closure))
#47 D:/projects/emmiox-academy/emmiox-academy/vendor/laravel/framework/src/Illuminate/Pipeline/Pipeline.php(209): Illuminate/Foundation/Http/Middleware/ConvertEmptyStringsToNull->handle(Object(Illuminate/Http/Request), Object(Closure))
#48 D:/projects/emmiox-academy/emmiox-academy/vendor/laravel/framework/src/Illuminate/Foundation/Http/Middleware/TransformsRequest.php(21): Illuminate/Pipeline/Pipeline->Illuminate/Pipeline/{closure}(Object(Illuminate/Http/Request))
#49 D:/projects/emmiox-academy/emmiox-academy/vendor/laravel/framework/src/Illuminate/Foundation/Http/Middleware/TrimStrings.php(51): Illuminate/Foundation/Http/Middleware/TransformsRequest->handle(Object(Illuminate/Http/Request), Object(Closure))
#50 D:/projects/emmiox-academy/emmiox-academy/vendor/laravel/framework/src/Illuminate/Pipeline/Pipeline.php(209): Illuminate/Foundation/Http/Middleware/TrimStrings->handle(Object(Illuminate/Http/Request), Object(Closure))
#51 D:/projects/emmiox-academy/emmiox-academy/vendor/laravel/framework/src/Illuminate/Http/Middleware/ValidatePostSize.php(27): Illuminate/Pipeline/Pipeline->Illuminate/Pipeline/{closure}(Object(Illuminate/Http/Request))
#52 D:/projects/emmiox-academy/emmiox-academy/vendor/laravel/framework/src/Illuminate/Pipeline/Pipeline.php(209): Illuminate/Http/Middleware/ValidatePostSize->handle(Object(Illuminate/Http/Request), Object(Closure))
#53 D:/projects/emmiox-academy/emmiox-academy/vendor/laravel/framework/src/Illuminate/Foundation/Http/Middleware/PreventRequestsDuringMaintenance.php(110): Illuminate/Pipeline/Pipeline->Illuminate/Pipeline/{closure}(Object(Illuminate/Http/Request))
#54 D:/projects/emmiox-academy/emmiox-academy/vendor/laravel/framework/src/Illuminate/Pipeline/Pipeline.php(209): Illuminate/Foundation/Http/Middleware/PreventRequestsDuringMaintenance->handle(Object(Illuminate/Http/Request), Object(Closure))
#55 D:/projects/emmiox-academy/emmiox-academy/vendor/laravel/framework/src/Illuminate/Http/Middleware/HandleCors.php(49): Illuminate/Pipeline/Pipeline->Illuminate/Pipeline/{closure}(Object(Illuminate/Http/Request))
#56 D:/projects/emmiox-academy/emmiox-academy/vendor/laravel/framework/src/Illuminate/Pipeline/Pipeline.php(209): Illuminate/Http/Middleware/HandleCors->handle(Object(Illuminate/Http/Request), Object(Closure))
#57 D:/projects/emmiox-academy/emmiox-academy/vendor/laravel/framework/src/Illuminate/Http/Middleware/TrustProxies.php(58): Illuminate/Pipeline/Pipeline->Illuminate/Pipeline/{closure}(Object(Illuminate/Http/Request))
#58 D:/projects/emmiox-academy/emmiox-academy/vendor/laravel/framework/src/Illuminate/Pipeline/Pipeline.php(209): Illuminate/Http/Middleware/TrustProxies->handle(Object(Illuminate/Http/Request), Object(Closure))
#59 D:/projects/emmiox-academy/emmiox-academy/vendor/laravel/framework/src/Illuminate/Foundation/Http/Middleware/InvokeDeferredCallbacks.php(22): Illuminate/Pipeline/Pipeline->Illuminate/Pipeline/{closure}(Object(Illuminate/Http/Request))
#60 D:/projects/emmiox-academy/emmiox-academy/vendor/laravel/framework/src/Illuminate/Pipeline/Pipeline.php(209): Illuminate/Foundation/Http/Middleware/InvokeDeferredCallbacks->handle(Object(Illuminate/Http/Request), Object(Closure))
#61 D:/projects/emmiox-academy/emmiox-academy/vendor/laravel/framework/src/Illuminate/Pipeline/Pipeline.php(127): Illuminate/Pipeline/Pipeline->Illuminate/Pipeline/{closure}(Object(Illuminate/Http/Request))
#62 D:/projects/emmiox-academy/emmiox-academy/vendor/laravel/framework/src/Illuminate/Foundation/Http/Kernel.php(176): Illuminate/Pipeline/Pipeline->then(Object(Closure))
#63 D:/projects/emmiox-academy/emmiox-academy/vendor/laravel/framework/src/Illuminate/Foundation/Http/Kernel.php(145): Illuminate/Foundation/Http/Kernel->sendRequestThroughRouter(Object(Illuminate/Http/Request))
#64 D:/projects/emmiox-academy/emmiox-academy/vendor/laravel/framework/src/Illuminate/Foundation/Application.php(1220): Illuminate/Foundation/Http/Kernel->handle(Object(Illuminate/Http/Request))
#65 D:/projects/emmiox-academy/emmiox-academy/public/index.php(17): Illuminate/Foundation/Application->handleRequest(Object(Illuminate/Http/Request))
#66 D:/projects/emmiox-academy/emmiox-academy/vendor/laravel/framework/src/Illuminate/Foundation/resources/server.php(23): require_once('D://projects//emm...')
#67 {main}
"} 
